DEPARTAMENTO,PROVINCIA,DISTRITO,EROSION_PROMEDIO
AMAZONAS,BAGUA,ARAMANGO,15.131107929498562
AMAZONAS,BAGUA,BAGUA,23.318603175895397
AMAZONAS,BAGUA,COPALLIN,12.791935750757807
AMAZONAS,BAGUA,EL PARCO,12.397214317222373
AMAZONAS,BAGUA,IMAZA,4.367886035536317
AMAZONAS,BAGUA,LA PECA,18.7250117513983
AMAZONAS,BONGARA,CHISQUILLA,6.896861451573666
AMAZONAS,BONGARA,CHURUJA,23.35715089197252
AMAZONAS,BONGARA,COROSHA,9.221548879298249
AMAZONAS,BONGARA,CUISPES,10.273501309043683
AMAZONAS,BONGARA,FLORIDA,12.943434433214296
AMAZONAS,BONGARA,JAZAN,41.803512559231436
AMAZONAS,BONGARA,JUMBILLA,18.161823755705438
AMAZONAS,BONGARA,RECTA,12.741012979313576
AMAZONAS,BONGARA,SAN CARLOS,16.53055193029024
AMAZONAS,BONGARA,SHIPASBAMBA,30.47603587929926
AMAZONAS,BONGARA,VALERA,55.05750636331662
AMAZONAS,BONGARA,YAMBRASBAMBA,3.3428366474082765
AMAZONAS,CHACHAPOYAS,ASUNCION,11.817168074002764
AMAZONAS,CHACHAPOYAS,BALSAS,102.37418095739214
AMAZONAS,CHACHAPOYAS,CHACHAPOYAS,48.65757470472989
AMAZONAS,CHACHAPOYAS,CHETO,23.298644124461795
AMAZONAS,CHACHAPOYAS,CHILIQUIN,22.629592127904775
AMAZONAS,CHACHAPOYAS,CHUQUIBAMBA,76.57675085888208
AMAZONAS,CHACHAPOYAS,GRANADA,30.091243777107028
AMAZONAS,CHACHAPOYAS,HUANCAS,89.11279684975968
AMAZONAS,CHACHAPOYAS,LA JALCA,38.32812471690871
AMAZONAS,CHACHAPOYAS,LEIMEBAMBA,60.319127910097386
AMAZONAS,CHACHAPOYAS,LEVANTO,59.159424962187295
AMAZONAS,CHACHAPOYAS,MAGDALENA,43.454031712729304
AMAZONAS,CHACHAPOYAS,MARISCAL CASTILLA,46.6652138815479
AMAZONAS,CHACHAPOYAS,MOLINOPAMPA,16.765963807572277
AMAZONAS,CHACHAPOYAS,MONTEVIDEO,25.554305872421462
AMAZONAS,CHACHAPOYAS,OLLEROS,22.726533205079523
AMAZONAS,CHACHAPOYAS,QUINJALCA,23.904017929286542
AMAZONAS,CHACHAPOYAS,SAN FRANCISCO DE DAGUAS,55.703934338380925
AMAZONAS,CHACHAPOYAS,SAN ISIDRO DE MAINO,38.780083569320524
AMAZONAS,CHACHAPOYAS,SOLOCO,22.33361711675085
AMAZONAS,CHACHAPOYAS,SONCHE,56.49795044649434
AMAZONAS,CONDORCANQUI,EL CENEPA,5.0079933620482695
AMAZONAS,CONDORCANQUI,NIEVA,1.7040683219513078
AMAZONAS,CONDORCANQUI,RIO SANTIAGO,1.8029422485807673
AMAZONAS,LUYA,CAMPORREDONDO,45.666819682909484
AMAZONAS,LUYA,COCABAMBA,77.14149127308578
AMAZONAS,LUYA,COLCAMAR,33.83885341861002
AMAZONAS,LUYA,CONILA,17.507444549469508
AMAZONAS,LUYA,INGUILPATA,26.981449392309234
AMAZONAS,LUYA,LAMUD,36.88662480151605
AMAZONAS,LUYA,LONGUITA,73.97640733694631
AMAZONAS,LUYA,LONYA CHICO,24.162616860449862
AMAZONAS,LUYA,LUYA,30.62474855233671
AMAZONAS,LUYA,LUYA VIEJO,25.544885997694813
AMAZONAS,LUYA,MARIA,42.99467330790332
AMAZONAS,LUYA,OCALLI,24.460434850107273
AMAZONAS,LUYA,OCUMAL,39.57697447061478
AMAZONAS,LUYA,PISUQUIA,63.27105543017383
AMAZONAS,LUYA,PROVIDENCIA,78.03896902671168
AMAZONAS,LUYA,SAN CRISTOBAL,59.084849272798806
AMAZONAS,LUYA,SAN FRANCISCO DEL YESO,59.117237082820935
AMAZONAS,LUYA,SAN JERONIMO,40.88516432826135
AMAZONAS,LUYA,SAN JUAN DE LOPECANCHA,73.35289232937755
AMAZONAS,LUYA,SANTA CATALINA,16.024618463580694
AMAZONAS,LUYA,SANTO TOMAS,43.610230867399906
AMAZONAS,LUYA,TINGO,70.03507227984916
AMAZONAS,LUYA,TRITA,31.546869145852323
AMAZONAS,RODRIGUEZ DE MENDOZA,CHIRIMOTO,1.9622278796922867
AMAZONAS,RODRIGUEZ DE MENDOZA,COCHAMAL,8.207630984370532
AMAZONAS,RODRIGUEZ DE MENDOZA,HUAMBO,4.044094189764105
AMAZONAS,RODRIGUEZ DE MENDOZA,LIMABAMBA,6.36461403548371
AMAZONAS,RODRIGUEZ DE MENDOZA,LONGAR,9.148152533640795
AMAZONAS,RODRIGUEZ DE MENDOZA,MARISCAL BENAVIDES,6.6399187989660895
AMAZONAS,RODRIGUEZ DE MENDOZA,MILPUC,1.5763771324973088
AMAZONAS,RODRIGUEZ DE MENDOZA,OMIA,2.3407462164815747
AMAZONAS,RODRIGUEZ DE MENDOZA,SAN NICOLAS,1.7785094627540814
AMAZONAS,RODRIGUEZ DE MENDOZA,SANTA ROSA,0.48998311322440585
AMAZONAS,RODRIGUEZ DE MENDOZA,TOTORA,0.5546524362153636
AMAZONAS,RODRIGUEZ DE MENDOZA,VISTA ALEGRE,6.510788356704351
AMAZONAS,UTCUBAMBA,BAGUA GRANDE,16.706117095664112
AMAZONAS,UTCUBAMBA,CAJARURO,12.037131239515551
AMAZONAS,UTCUBAMBA,CUMBA,25.406074935198003
AMAZONAS,UTCUBAMBA,EL MILAGRO,10.875636562133304
AMAZONAS,UTCUBAMBA,JAMALCA,30.69083536403182
AMAZONAS,UTCUBAMBA,LONYA GRANDE,35.35554584139816
AMAZONAS,UTCUBAMBA,YAMON,25.792662339954436
ANCASH,AIJA,AIJA,51.45568928927584
ANCASH,AIJA,CORIS,20.192642865620783
ANCASH,AIJA,HUACLLAN,42.052562877833
ANCASH,AIJA,LA MERCED,36.329818371173346
ANCASH,AIJA,SUCCHA,51.801670094553394
ANCASH,ANTONIO RAYMONDI,ACZO,72.8194666961064
ANCASH,ANTONIO RAYMONDI,CHACCHO,85.44225239117331
ANCASH,ANTONIO RAYMONDI,CHINGAS,56.800417232458614
ANCASH,ANTONIO RAYMONDI,LLAMELLIN,69.00737726238786
ANCASH,ANTONIO RAYMONDI,MIRGAS,68.16757441028848
ANCASH,ANTONIO RAYMONDI,SAN JUAN DE RONTOY,57.836245809417534
ANCASH,ASUNCION,ACOCHACA,110.1019784298315
ANCASH,ASUNCION,CHACAS,91.89252593163658
ANCASH,BOLOGNESI,ABELARDO PARDO LEZAMETA,71.69190211614803
ANCASH,BOLOGNESI,ANTONIO RAYMONDI,28.7123169875808
ANCASH,BOLOGNESI,AQUIA,86.19344516777554
ANCASH,BOLOGNESI,CAJACAY,67.23768949548713
ANCASH,BOLOGNESI,CANIS,86.71089168545468
ANCASH,BOLOGNESI,CHIQUIAN,66.67960481104325
ANCASH,BOLOGNESI,COLQUIOC,15.766729804835336
ANCASH,BOLOGNESI,HUALLANCA,42.12555037743073
ANCASH,BOLOGNESI,HUASTA,96.06793550969454
ANCASH,BOLOGNESI,HUAYLLACAYAN,48.154432303187626
ANCASH,BOLOGNESI,LA PRIMAVERA,93.72959523178042
ANCASH,BOLOGNESI,MANGAS,76.11065580506407
ANCASH,BOLOGNESI,PACLLON,82.25769741679193
ANCASH,BOLOGNESI,SAN MIGUEL DE CORPANQUI,89.0547113260682
ANCASH,BOLOGNESI,TICLLOS,80.16512232786947
ANCASH,CARHUAZ,ACOPAMPA,78.94849528314431
ANCASH,CARHUAZ,AMASHCA,80.4603870371507
ANCASH,CARHUAZ,ANTA,35.89633143852957
ANCASH,CARHUAZ,ATAQUERO,31.50392594301483
ANCASH,CARHUAZ,CARHUAZ,50.24449089606581
ANCASH,CARHUAZ,MARCARA,55.79253392563123
ANCASH,CARHUAZ,PARIAHUANCA,41.490467935768066
ANCASH,CARHUAZ,SAN MIGUEL DE ACO,86.98929887512047
ANCASH,CARHUAZ,SHILLA,63.32997326874965
ANCASH,CARHUAZ,TINCO,88.12625443906833
ANCASH,CARHUAZ,YUNGAR,43.11839804567706
ANCASH,CARLOS FERMIN FITZCARRALD,SAN LUIS,91.46646059932264
ANCASH,CARLOS FERMIN FITZCARRALD,SAN NICOLAS,72.30062963193674
ANCASH,CARLOS FERMIN FITZCARRALD,YAUYA,102.07832432630647
ANCASH,CASMA,BUENA VISTA ALTA,3.8477690750317852
ANCASH,CASMA,CASMA,1.1593746779390282
ANCASH,CASMA,COMANDANTE NOEL,0.7432431972147779
ANCASH,CASMA,YAUTAN,5.089131345311691
ANCASH,CORONGO,ACO,57.12658903266676
ANCASH,CORONGO,BAMBAS,45.67513442467921
ANCASH,CORONGO,CORONGO,57.57805466074227
ANCASH,CORONGO,CUSCA,94.89991090746244
ANCASH,CORONGO,LA PAMPA,74.16906440030415
ANCASH,CORONGO,YANAC,88.02671296994579
ANCASH,CORONGO,YUPAN,72.12576587715512
ANCASH,HUARAZ,COCHABAMBA,35.29973845290978
ANCASH,HUARAZ,COLCABAMBA,22.60127079598368
ANCASH,HUARAZ,HUANCHAY,24.549408750944803
ANCASH,HUARAZ,HUARAZ,73.59354275343796
ANCASH,HUARAZ,INDEPENDENCIA,77.21032784759497
ANCASH,HUARAZ,JANGAS,51.55543751357345
ANCASH,HUARAZ,LA LIBERTAD,51.59260723294231
ANCASH,HUARAZ,OLLEROS,70.10340730380321
ANCASH,HUARAZ,PAMPAS GRANDE,10.705283768248227
ANCASH,HUARAZ,PARIACOTO,27.350109386433342
ANCASH,HUARAZ,PIRA,62.61862756279675
ANCASH,HUARAZ,TARICA,70.4028297925356
ANCASH,HUARI,ANRA,57.74804792017714
ANCASH,HUARI,CAJAY,66.81326946967333
ANCASH,HUARI,CHAVIN DE HUANTAR,69.27092613054393
ANCASH,HUARI,HUACACHI,52.31664591574368
ANCASH,HUARI,HUACCHIS,59.89539654789566
ANCASH,HUARI,HUACHIS,65.20472534106254
ANCASH,HUARI,HUANTAR,85.10537483510615
ANCASH,HUARI,HUARI,81.05118190276688
ANCASH,HUARI,MASIN,80.80252825339561
ANCASH,HUARI,PAUCAS,51.117235662477256
ANCASH,HUARI,PONTO,58.85817288956867
ANCASH,HUARI,RAHUAPAMPA,84.0811270270664
ANCASH,HUARI,RAPAYAN,46.77705635857771
ANCASH,HUARI,SAN MARCOS,40.17631166212444
ANCASH,HUARI,SAN PEDRO DE CHANA,34.89711354197615
ANCASH,HUARI,UCO,48.17502395667136
ANCASH,HUARMEY,COCHAPETI,35.35789881835084
ANCASH,HUARMEY,CULEBRAS,1.3456591527791204
ANCASH,HUARMEY,HUARMEY,1.9765726076008534
ANCASH,HUARMEY,HUAYAN,24.37670950719449
ANCASH,HUARMEY,MALVAS,42.46183387651401
ANCASH,HUAYLAS,CARAZ,81.77165061159212
ANCASH,HUAYLAS,HUALLANCA,79.46394218556765
ANCASH,HUAYLAS,HUATA,85.85226784325826
ANCASH,HUAYLAS,HUAYLAS,63.98006252267737
ANCASH,HUAYLAS,MATO,76.02136568839973
ANCASH,HUAYLAS,PAMPAROMAS,35.574491084519074
ANCASH,HUAYLAS,PUEBLO LIBRE,66.01818873447307
ANCASH,HUAYLAS,SANTA CRUZ,71.16028231361274
ANCASH,HUAYLAS,SANTO TORIBIO,61.70412605386006
ANCASH,HUAYLAS,YURACMARCA,99.05418119475391
ANCASH,MARISCAL LUZURIAGA,CASCA,123.13174305975738
ANCASH,MARISCAL LUZURIAGA,ELEAZAR GUZMAN BARRON,84.67464879343457
ANCASH,MARISCAL LUZURIAGA,FIDEL OLIVAS ESCUDERO,94.82245873298771
ANCASH,MARISCAL LUZURIAGA,LLAMA,106.30928830541676
ANCASH,MARISCAL LUZURIAGA,LLUMPA,92.19481361265055
ANCASH,MARISCAL LUZURIAGA,LUCMA,112.92551893403751
ANCASH,MARISCAL LUZURIAGA,MUSGA,131.5271216947215
ANCASH,MARISCAL LUZURIAGA,PISCOBAMBA,120.54641279337173
ANCASH,OCROS,ACAS,42.43813914557066
ANCASH,OCROS,CAJAMARQUILLA,45.26909097461451
ANCASH,OCROS,CARHUAPAMPA,68.41355348912533
ANCASH,OCROS,COCHAS,12.832234432049717
ANCASH,OCROS,CONGAS,44.144533650837836
ANCASH,OCROS,LLIPA,52.422646192520396
ANCASH,OCROS,OCROS,42.893486662221086
ANCASH,OCROS,SAN CRISTOBAL DE RAJAN,90.55675000791446
ANCASH,OCROS,SAN PEDRO,7.849848456463342
ANCASH,OCROS,SANTIAGO DE CHILCAS,37.89483518517184
ANCASH,PALLASCA,BOLOGNESI,74.46012763236355
ANCASH,PALLASCA,CABANA,86.57217678005121
ANCASH,PALLASCA,CONCHUCOS,87.69297321987209
ANCASH,PALLASCA,HUACASCHUQUE,69.05188131057996
ANCASH,PALLASCA,HUANDOVAL,86.10152073705761
ANCASH,PALLASCA,LACABAMBA,83.3569205454933
ANCASH,PALLASCA,LLAPO,110.33951537565612
ANCASH,PALLASCA,PALLASCA,68.59166084257532
ANCASH,PALLASCA,PAMPAS,85.11326187557351
ANCASH,PALLASCA,SANTA ROSA,47.00281581989411
ANCASH,PALLASCA,TAUCA,65.38884867795196
ANCASH,POMABAMBA,HUAYLLAN,92.0871306349205
ANCASH,POMABAMBA,PAROBAMBA,91.87732262180589
ANCASH,POMABAMBA,POMABAMBA,73.53949844543925
ANCASH,POMABAMBA,QUINUABAMBA,93.55105153772578
ANCASH,RECUAY,CATAC,52.56843121124191
ANCASH,RECUAY,COTAPARACO,44.71466089335631
ANCASH,RECUAY,HUAYLLAPAMPA,56.027238227916676
ANCASH,RECUAY,LLACLLIN,33.4776615578481
ANCASH,RECUAY,MARCA,54.33720671269656
ANCASH,RECUAY,PAMPAS CHICO,58.41811742910018
ANCASH,RECUAY,PARARIN,18.936275940819872
ANCASH,RECUAY,RECUAY,52.40271283463355
ANCASH,RECUAY,TAPACOCHA,39.84109802220562
ANCASH,RECUAY,TICAPAMPA,58.07512425479337
ANCASH,SANTA,CACERES DEL PERU,39.15197878079424
ANCASH,SANTA,CHIMBOTE,5.368065174905271
ANCASH,SANTA,COISHCO,0.2895921813406152
ANCASH,SANTA,MACATE,70.48845781057
ANCASH,SANTA,MORO,6.8019168456105925
ANCASH,SANTA,NEPEÑA,0.8989780716561084
ANCASH,SANTA,NUEVO CHIMBOTE,0.7328952508986503
ANCASH,SANTA,SAMANCO,0.4602073277867295
ANCASH,SANTA,SANTA,0.5838047537670717
ANCASH,SIHUAS,ACOBAMBA,90.60579978760246
ANCASH,SIHUAS,ALFONSO UGARTE,84.4040236194894
ANCASH,SIHUAS,CASHAPAMPA,78.22528928226919
ANCASH,SIHUAS,CHINGALPO,70.49250507195514
ANCASH,SIHUAS,HUAYLLABAMBA,75.78755289618252
ANCASH,SIHUAS,QUICHES,80.00330310398937
ANCASH,SIHUAS,RAGASH,65.84429763297524
ANCASH,SIHUAS,SAN JUAN,100.41035381711598
ANCASH,SIHUAS,SICSIBAMBA,79.9919487799861
ANCASH,SIHUAS,SIHUAS,104.6057563308443
ANCASH,YUNGAY,CASCAPARA,30.288270989081276
ANCASH,YUNGAY,MANCOS,113.32126609056142
ANCASH,YUNGAY,MATACOTO,42.83891205092524
ANCASH,YUNGAY,QUILLO,31.966249151842202
ANCASH,YUNGAY,RANRAHIRCA,123.42400201320167
ANCASH,YUNGAY,SHUPLUY,38.70501415709144
ANCASH,YUNGAY,YANAMA,92.29478076582909
ANCASH,YUNGAY,YUNGAY,64.59819161335184
APURIMAC,ABANCAY,ABANCAY,66.94331211117635
APURIMAC,ABANCAY,CHACOCHE,100.92205970782065
APURIMAC,ABANCAY,CIRCA,96.76937874531329
APURIMAC,ABANCAY,CURAHUASI,78.85509489820349
APURIMAC,ABANCAY,HUANIPACA,76.82270350708674
APURIMAC,ABANCAY,LAMBRAMA,91.12740320198373
APURIMAC,ABANCAY,PICHIRHUA,69.503477175452
APURIMAC,ABANCAY,SAN PEDRO DE CACHORA,106.95258535232638
APURIMAC,ABANCAY,TAMBURCO,66.54446325180973
APURIMAC,ANDAHUAYLAS,ANDAHUAYLAS,77.45828178518856
APURIMAC,ANDAHUAYLAS,ANDARAPA,92.79547999032889
APURIMAC,ANDAHUAYLAS,CHIARA,59.7874157695534
APURIMAC,ANDAHUAYLAS,HUANCARAMA,90.10296380311692
APURIMAC,ANDAHUAYLAS,HUANCARAY,92.53014138223753
APURIMAC,ANDAHUAYLAS,HUAYANA,64.38652993462046
APURIMAC,ANDAHUAYLAS,JOSE MARIA ARGUEDAS,59.152759028268406
APURIMAC,ANDAHUAYLAS,KAQUIABAMBA,109.72057323868609
APURIMAC,ANDAHUAYLAS,KISHUARA,56.242024678755094
APURIMAC,ANDAHUAYLAS,PACOBAMBA,100.49364653082509
APURIMAC,ANDAHUAYLAS,PACUCHA,88.81895231938982
APURIMAC,ANDAHUAYLAS,PAMPACHIRI,42.108509904328415
APURIMAC,ANDAHUAYLAS,POMACOCHA,33.424545582656386
APURIMAC,ANDAHUAYLAS,SAN ANTONIO DE CACHI,108.51163621308345
APURIMAC,ANDAHUAYLAS,SAN JERONIMO,70.78515009882155
APURIMAC,ANDAHUAYLAS,SAN MIGUEL DE CHACCRAMPA,103.52648561749717
APURIMAC,ANDAHUAYLAS,SANTA MARIA DE CHICMO,56.45933640690209
APURIMAC,ANDAHUAYLAS,TALAVERA,110.39694476873255
APURIMAC,ANDAHUAYLAS,TUMAY HUARACA,33.46645679137101
APURIMAC,ANDAHUAYLAS,TURPO,92.61254090622002
APURIMAC,ANTABAMBA,ANTABAMBA,50.38316222331969
APURIMAC,ANTABAMBA,EL ORO,100.86498531646755
APURIMAC,ANTABAMBA,HUAQUIRCA,44.987414042297345
APURIMAC,ANTABAMBA,JUAN ESPINOZA MEDRANO,48.50839530507606
APURIMAC,ANTABAMBA,OROPESA,44.005919274511704
APURIMAC,ANTABAMBA,PACHACONAS,88.24664173046594
APURIMAC,ANTABAMBA,SABAINO,65.05995034952772
APURIMAC,AYMARAES,CAPAYA,46.9344494206387
APURIMAC,AYMARAES,CARAYBAMBA,65.95226357127432
APURIMAC,AYMARAES,CHALHUANCA,74.97302562585794
APURIMAC,AYMARAES,CHAPIMARCA,106.60289669455447
APURIMAC,AYMARAES,COLCABAMBA,70.10211438605506
APURIMAC,AYMARAES,COTARUSE,39.96938294182678
APURIMAC,AYMARAES,IHUAYLLO,83.78679409708553
APURIMAC,AYMARAES,JUSTO APU SAHUARAURA,99.22112733395673
APURIMAC,AYMARAES,LUCRE,68.57286492573613
APURIMAC,AYMARAES,POCOHUANCA,99.38406456800344
APURIMAC,AYMARAES,SAN JUAN DE CHACÑA,89.19493884042558
APURIMAC,AYMARAES,SAÑAYCA,33.73092444685851
APURIMAC,AYMARAES,SORAYA,85.79508024535487
APURIMAC,AYMARAES,TAPAIRIHUA,100.60787421986024
APURIMAC,AYMARAES,TINTAY,82.91586088594453
APURIMAC,AYMARAES,TORAYA,63.56715003519005
APURIMAC,AYMARAES,YANACA,100.67436591027372
APURIMAC,CHINCHEROS,ANCO_HUALLO,88.34390635924761
APURIMAC,CHINCHEROS,CHINCHEROS,104.29781782856908
APURIMAC,CHINCHEROS,COCHARCAS,84.37309877290832
APURIMAC,CHINCHEROS,EL PORVENIR,107.69168754447949
APURIMAC,CHINCHEROS,HUACCANA,102.634031501814
APURIMAC,CHINCHEROS,LOS CHANKAS,112.87857491061371
APURIMAC,CHINCHEROS,OCOBAMBA,90.93190874335183
APURIMAC,CHINCHEROS,ONGOY,94.65586731984705
APURIMAC,CHINCHEROS,RANRACANCHA,71.66222789204376
APURIMAC,CHINCHEROS,ROCCHACC,131.1032220427031
APURIMAC,CHINCHEROS,URANMARCA,73.55840981659209
APURIMAC,COTABAMBAS,CHALLHUAHUACHO,31.751532483899034
APURIMAC,COTABAMBAS,COTABAMBAS,86.87002002998065
APURIMAC,COTABAMBAS,COYLLURQUI,59.322882064610184
APURIMAC,COTABAMBAS,HAQUIRA,36.60414747412254
APURIMAC,COTABAMBAS,MARA,59.029255925669005
APURIMAC,COTABAMBAS,TAMBOBAMBA,46.6439649239001
APURIMAC,GRAU,CHUQUIBAMBILLA,61.994755649320005
APURIMAC,GRAU,CURASCO,65.08998283357018
APURIMAC,GRAU,CURPAHUASI,52.0223881768865
APURIMAC,GRAU,GAMARRA,90.74272117998456
APURIMAC,GRAU,HUAYLLATI,90.23706386644905
APURIMAC,GRAU,MAMARA,78.44977804372515
APURIMAC,GRAU,MICAELA BASTIDAS,77.3725118567895
APURIMAC,GRAU,PATAYPAMPA,39.700464862993904
APURIMAC,GRAU,PROGRESO,45.46523275027229
APURIMAC,GRAU,SAN ANTONIO,106.25848855899909
APURIMAC,GRAU,SANTA ROSA,66.12967571890425
APURIMAC,GRAU,TURPAY,64.04716561589028
APURIMAC,GRAU,VILCABAMBA,140.50407316063095
APURIMAC,GRAU,VIRUNDO,39.90193410601226
AREQUIPA,AREQUIPA,ALTO SELVA ALEGRE,49.84653981308811
AREQUIPA,AREQUIPA,AREQUIPA,10.545269497354813
AREQUIPA,AREQUIPA,CAYMA,81.66787588848855
AREQUIPA,AREQUIPA,CERRO COLORADO,49.01753681004249
AREQUIPA,AREQUIPA,CHARACATO,41.338115906866605
AREQUIPA,AREQUIPA,CHIGUATA,60.01666999822201
AREQUIPA,AREQUIPA,JACOBO HUNTER,24.716225737624775
AREQUIPA,AREQUIPA,JOSE LUIS BUSTAMANTE Y RIVERO,11.503333305308939
AREQUIPA,AREQUIPA,LA JOYA,0.967088231927292
AREQUIPA,AREQUIPA,MARIANO MELGAR,31.43096833063428
AREQUIPA,AREQUIPA,MIRAFLORES,34.23767135614324
AREQUIPA,AREQUIPA,MOLLEBAYA,14.39494103492019
AREQUIPA,AREQUIPA,PAUCARPATA,18.18506817319673
AREQUIPA,AREQUIPA,POCSI,48.82883780893301
AREQUIPA,AREQUIPA,POLOBAYA,17.303696399883513
AREQUIPA,AREQUIPA,QUEQUEÑA,17.476015267278665
AREQUIPA,AREQUIPA,SABANDIA,27.214407460382812
AREQUIPA,AREQUIPA,SACHACA,12.278317343833066
AREQUIPA,AREQUIPA,SAN JUAN DE SIGUAS,0.4000928114509168
AREQUIPA,AREQUIPA,SAN JUAN DE TARUCANI,30.54813111410699
AREQUIPA,AREQUIPA,SANTA ISABEL DE SIGUAS,3.3517166403052547
AREQUIPA,AREQUIPA,SANTA RITA DE SIGUAS,1.440810007355031
AREQUIPA,AREQUIPA,SOCABAYA,28.181768849091092
AREQUIPA,AREQUIPA,TIABAYA,19.150535889985917
AREQUIPA,AREQUIPA,UCHUMAYO,10.198088387970131
AREQUIPA,AREQUIPA,VITOR,2.654173743796548
AREQUIPA,AREQUIPA,YANAHUARA,23.42717738931204
AREQUIPA,AREQUIPA,YARABAMBA,9.93373971262186
AREQUIPA,AREQUIPA,YURA,37.18220941548487
AREQUIPA,CAMANA,CAMANA,0.044082145815354995
AREQUIPA,CAMANA,JOSE MARIA QUIMPER,5.60942562253347
AREQUIPA,CAMANA,MARIANO NICOLAS VALCARCEL,11.31531520579989
AREQUIPA,CAMANA,MARISCAL CACERES,8.117805572979035
AREQUIPA,CAMANA,NICOLAS DE PIEROLA,15.160148709019731
AREQUIPA,CAMANA,OCOÑA,5.638935323875392
AREQUIPA,CAMANA,QUILCA,2.362726280171238
AREQUIPA,CAMANA,SAMUEL PASTOR,5.334598984490593
AREQUIPA,CARAVELI,ACARI,7.511297066912712
AREQUIPA,CARAVELI,ATICO,3.5943531655934833
AREQUIPA,CARAVELI,ATIQUIPA,1.0649208538632926
AREQUIPA,CARAVELI,BELLA UNION,2.118021141611273
AREQUIPA,CARAVELI,CAHUACHO,6.529024986470534
AREQUIPA,CARAVELI,CARAVELI,5.206647348296942
AREQUIPA,CARAVELI,CHALA,2.188159976041206
AREQUIPA,CARAVELI,CHAPARRA,3.2697906512663786
AREQUIPA,CARAVELI,HUANUHUANU,6.880077322312171
AREQUIPA,CARAVELI,JAQUI,18.62936763559266
AREQUIPA,CARAVELI,LOMAS,0.8137797304784917
AREQUIPA,CARAVELI,QUICACHA,5.819943653292751
AREQUIPA,CARAVELI,YAUCA,6.370820379435581
AREQUIPA,CASTILLA,ANDAGUA,40.712477360805615
AREQUIPA,CASTILLA,APLAO,19.317353996719863
AREQUIPA,CASTILLA,AYO,58.10000734159256
AREQUIPA,CASTILLA,CHACHAS,39.99207141255864
AREQUIPA,CASTILLA,CHILCAYMARCA,35.06271694864668
AREQUIPA,CASTILLA,CHOCO,49.792229895053005
AREQUIPA,CASTILLA,HUANCARQUI,13.257195391768509
AREQUIPA,CASTILLA,MACHAGUAY,60.02216466951779
AREQUIPA,CASTILLA,ORCOPAMPA,29.69594099190731
AREQUIPA,CASTILLA,PAMPACOLCA,42.59363372039359
AREQUIPA,CASTILLA,TIPAN,44.417960038205884
AREQUIPA,CASTILLA,URACA,3.6172910076819913
AREQUIPA,CASTILLA,UÑON,52.31271483417292
AREQUIPA,CASTILLA,VIRACO,77.92375427331775
AREQUIPA,CAYLLOMA,ACHOMA,40.32849568809376
AREQUIPA,CAYLLOMA,CABANACONDE,55.122480314403106
AREQUIPA,CAYLLOMA,CALLALLI,30.628253024066282
AREQUIPA,CAYLLOMA,CAYLLOMA,31.653715948695822
AREQUIPA,CAYLLOMA,CHIVAY,61.66435510958865
AREQUIPA,CAYLLOMA,COPORAQUE,68.12774475582668
AREQUIPA,CAYLLOMA,HUAMBO,36.24559296471716
AREQUIPA,CAYLLOMA,HUANCA,25.324126413387717
AREQUIPA,CAYLLOMA,ICHUPAMPA,73.70353056655136
AREQUIPA,CAYLLOMA,LARI,54.494985384978605
AREQUIPA,CAYLLOMA,LLUTA,14.879559107890556
AREQUIPA,CAYLLOMA,MACA,52.803952937245306
AREQUIPA,CAYLLOMA,MADRIGAL,108.14701503806079
AREQUIPA,CAYLLOMA,MAJES,1.5293484841790663
AREQUIPA,CAYLLOMA,SAN ANTONIO DE CHUCA,12.58286449612084
AREQUIPA,CAYLLOMA,SIBAYO,45.151656148981104
AREQUIPA,CAYLLOMA,TAPAY,56.82125709719309
AREQUIPA,CAYLLOMA,TISCO,38.3469410453558
AREQUIPA,CAYLLOMA,TUTI,44.050542794281164
AREQUIPA,CAYLLOMA,YANQUE,26.65190342179062
AREQUIPA,CONDESUYOS,ANDARAY,17.13599046429504
AREQUIPA,CONDESUYOS,CAYARANI,33.4443222260995
AREQUIPA,CONDESUYOS,CHICHAS,80.73927444181801
AREQUIPA,CONDESUYOS,CHUQUIBAMBA,10.051075619163473
AREQUIPA,CONDESUYOS,IRAY,26.62837670708869
AREQUIPA,CONDESUYOS,RIO GRANDE,14.828899936240983
AREQUIPA,CONDESUYOS,SALAMANCA,27.80643071438192
AREQUIPA,CONDESUYOS,YANAQUIHUA,42.20290778401794
AREQUIPA,ISLAY,COCACHACRA,1.601076331851895
AREQUIPA,ISLAY,DEAN VALDIVIA,0.19447105702107018
AREQUIPA,ISLAY,ISLAY,1.4332175995292142
AREQUIPA,ISLAY,MEJIA,0.3838930774260096
AREQUIPA,ISLAY,MOLLENDO,0.34195287881429076
AREQUIPA,ISLAY,PUNTA DE BOMBON,0.6982243534104472
AREQUIPA,LA UNION,ALCA,68.3706184494005
AREQUIPA,LA UNION,CHARCANA,59.44595184474146
AREQUIPA,LA UNION,COTAHUASI,55.923739384220575
AREQUIPA,LA UNION,HUAYNACOTAS,62.55310090015981
AREQUIPA,LA UNION,PAMPAMARCA,47.034346747703076
AREQUIPA,LA UNION,PUYCA,51.787208850530504
AREQUIPA,LA UNION,QUECHUALLA,82.48727495171892
AREQUIPA,LA UNION,SAYLA,57.65353040939412
AREQUIPA,LA UNION,TAURIA,54.92893512546147
AREQUIPA,LA UNION,TOMEPAMPA,76.91063162647349
AREQUIPA,LA UNION,TORO,65.0758289724285
AYACUCHO,CANGALLO,CANGALLO,62.31656845953955
AYACUCHO,CANGALLO,CHUSCHI,44.465670299558134
AYACUCHO,CANGALLO,LOS MOROCHUCOS,43.854621844671584
AYACUCHO,CANGALLO,MARIA PARADO DE BELLIDO,63.91475275722867
AYACUCHO,CANGALLO,PARAS,66.44085667702345
AYACUCHO,CANGALLO,TOTOS,78.93984176901634
AYACUCHO,HUAMANGA,ACOCRO,49.50127514903934
AYACUCHO,HUAMANGA,ACOS VINCHOS,52.96635974113835
AYACUCHO,HUAMANGA,ANDRES AVELINO CACERES DORREGARAY,15.254142787564364
AYACUCHO,HUAMANGA,AYACUCHO,36.92732024937789
AYACUCHO,HUAMANGA,CARMEN ALTO,32.65818827263986
AYACUCHO,HUAMANGA,CHIARA,35.07471901148509
AYACUCHO,HUAMANGA,JESUS NAZARENO,15.09097182379509
AYACUCHO,HUAMANGA,OCROS,87.86792210666687
AYACUCHO,HUAMANGA,PACAYCASA,40.091072154555086
AYACUCHO,HUAMANGA,QUINUA,57.60218467329132
AYACUCHO,HUAMANGA,SAN JOSE DE TICLLAS,56.91629552406001
AYACUCHO,HUAMANGA,SAN JUAN BAUTISTA,14.84614857590852
AYACUCHO,HUAMANGA,SANTIAGO DE PISCHA,70.80567880714479
AYACUCHO,HUAMANGA,SOCOS,47.13940107625019
AYACUCHO,HUAMANGA,TAMBILLO,16.687264228334925
AYACUCHO,HUAMANGA,VINCHOS,31.98445998351261
AYACUCHO,HUANCA SANCOS,CARAPO,69.45953383948046
AYACUCHO,HUANCA SANCOS,SACSAMARCA,37.27912834447678
AYACUCHO,HUANCA SANCOS,SANCOS,40.739816017565424
AYACUCHO,HUANCA SANCOS,SANTIAGO DE LUCANAMARCA,39.951541637925175
AYACUCHO,HUANTA,AYAHUANCO,51.0010477044987
AYACUCHO,HUANTA,CANAYRE,8.44050446285533
AYACUCHO,HUANTA,CHACA,51.738643260511274
AYACUCHO,HUANTA,HUAMANGUILLA,71.20440707246745
AYACUCHO,HUANTA,HUANTA,45.946226472922696
AYACUCHO,HUANTA,IGUAIN,56.251805374511996
AYACUCHO,HUANTA,LLOCHEGUA,19.73531644623458
AYACUCHO,HUANTA,LURICOCHA,53.97561190194674
AYACUCHO,HUANTA,PUCACOLPA,62.6667234268024
AYACUCHO,HUANTA,SANTILLANA,95.21736949183017
AYACUCHO,HUANTA,SIVIA,34.81283887970464
AYACUCHO,HUANTA,UCHURACCAY,54.00845278017758
AYACUCHO,LA MAR,ANCHIHUAY,37.52632915649939
AYACUCHO,LA MAR,ANCO,36.67331666276673
AYACUCHO,LA MAR,AYNA,23.01669297051582
AYACUCHO,LA MAR,CHILCAS,79.68719356100353
AYACUCHO,LA MAR,CHUNGUI,70.2378147031315
AYACUCHO,LA MAR,LUIS CARRANZA,81.69121371820435
AYACUCHO,LA MAR,ORONCCOY,74.25058912945251
AYACUCHO,LA MAR,SAMUGARI,32.07497978971785
AYACUCHO,LA MAR,SAN MIGUEL,71.803371111761
AYACUCHO,LA MAR,SANTA ROSA,19.547115841030124
AYACUCHO,LA MAR,TAMBO,58.166475244718036
AYACUCHO,LUCANAS,AUCARA,45.42278081797915
AYACUCHO,LUCANAS,CABANA,30.765955475047864
AYACUCHO,LUCANAS,CARMEN SALCEDO,39.5861142314147
AYACUCHO,LUCANAS,CHAVIÑA,29.11691339696726
AYACUCHO,LUCANAS,CHIPAO,40.566405000569844
AYACUCHO,LUCANAS,HUAC-HUAS,29.93962496785044
AYACUCHO,LUCANAS,LARAMATE,29.279064505785012
AYACUCHO,LUCANAS,LEONCIO PRADO,8.079247048816075
AYACUCHO,LUCANAS,LLAUTA,23.553979572124934
AYACUCHO,LUCANAS,LUCANAS,34.96633929879609
AYACUCHO,LUCANAS,OCAÑA,13.296949277183751
AYACUCHO,LUCANAS,OTOCA,22.25710032740638
AYACUCHO,LUCANAS,PUQUIO,41.71104172690654
AYACUCHO,LUCANAS,SAISA,16.861434763984253
AYACUCHO,LUCANAS,SAN CRISTOBAL,39.127214984550946
AYACUCHO,LUCANAS,SAN JUAN,113.6927938209096
AYACUCHO,LUCANAS,SAN PEDRO,33.47864077913096
AYACUCHO,LUCANAS,SAN PEDRO DE PALCO,31.26740241441291
AYACUCHO,LUCANAS,SANCOS,14.335464836518685
AYACUCHO,LUCANAS,SANTA ANA DE HUAYCAHUACHO,83.12959835067325
AYACUCHO,LUCANAS,SANTA LUCIA,8.040889305309458
AYACUCHO,PARINACOCHAS,CHUMPI,29.726370262283954
AYACUCHO,PARINACOCHAS,CORACORA,39.84757868106108
AYACUCHO,PARINACOCHAS,CORONEL CASTAÑEDA,60.66548500848579
AYACUCHO,PARINACOCHAS,PACAPAUSA,64.66587969351885
AYACUCHO,PARINACOCHAS,PULLO,11.156673073710744
AYACUCHO,PARINACOCHAS,PUYUSCA,9.010586560676082
AYACUCHO,PARINACOCHAS,SAN FRANCISCO DE RAVACAYCO,53.15119241850729
AYACUCHO,PARINACOCHAS,UPAHUACHO,39.8446567927241
AYACUCHO,PAUCAR DEL SARA SARA,COLTA,50.94843913978549
AYACUCHO,PAUCAR DEL SARA SARA,CORCULLA,60.201233523727815
AYACUCHO,PAUCAR DEL SARA SARA,LAMPA,26.1537501667351
AYACUCHO,PAUCAR DEL SARA SARA,MARCABAMBA,30.578572423742475
AYACUCHO,PAUCAR DEL SARA SARA,OYOLO,26.168943093581227
AYACUCHO,PAUCAR DEL SARA SARA,PARARCA,59.96052713369735
AYACUCHO,PAUCAR DEL SARA SARA,PAUSA,38.39615816963654
AYACUCHO,PAUCAR DEL SARA SARA,SAN JAVIER DE ALPABAMBA,83.22995843198761
AYACUCHO,PAUCAR DEL SARA SARA,SAN JOSE DE USHUA,70.64622184360582
AYACUCHO,PAUCAR DEL SARA SARA,SARA SARA,42.21030695741289
AYACUCHO,SUCRE,BELEN,98.49621196908195
AYACUCHO,SUCRE,CHALCOS,160.43889314401403
AYACUCHO,SUCRE,CHILCAYOC,117.63565690564816
AYACUCHO,SUCRE,HUACAÑA,96.20137839741147
AYACUCHO,SUCRE,MORCOLLA,57.19770142217917
AYACUCHO,SUCRE,PAICO,84.723297549038
AYACUCHO,SUCRE,QUEROBAMBA,82.65417230378493
AYACUCHO,SUCRE,SAN PEDRO DE LARCAY,26.91484653018136
AYACUCHO,SUCRE,SAN SALVADOR DE QUIJE,83.8265073301925
AYACUCHO,SUCRE,SANTIAGO DE PAUCARAY,55.12535669291231
AYACUCHO,SUCRE,SORAS,39.93230147408705
AYACUCHO,VICTOR FAJARDO,ALCAMENCA,76.47815801052757
AYACUCHO,VICTOR FAJARDO,APONGO,80.87693095590933
AYACUCHO,VICTOR FAJARDO,ASQUIPATA,110.79700511761476
AYACUCHO,VICTOR FAJARDO,CANARIA,62.44082692322615
AYACUCHO,VICTOR FAJARDO,CAYARA,115.0566965722361
AYACUCHO,VICTOR FAJARDO,COLCA,94.41065362354948
AYACUCHO,VICTOR FAJARDO,HUALLA,79.77744280182809
AYACUCHO,VICTOR FAJARDO,HUAMANQUIQUIA,116.94112917832153
AYACUCHO,VICTOR FAJARDO,HUANCAPI,51.04572544725959
AYACUCHO,VICTOR FAJARDO,HUANCARAYLLA,43.8311257999146
AYACUCHO,VICTOR FAJARDO,SARHUA,61.302928761806214
AYACUCHO,VICTOR FAJARDO,VILCANCHOS,62.37610905633049
AYACUCHO,VILCAS HUAMAN,ACCOMARCA,102.17807627598255
AYACUCHO,VILCAS HUAMAN,CARHUANCA,84.71984737286263
AYACUCHO,VILCAS HUAMAN,CONCEPCION,80.92083261246486
AYACUCHO,VILCAS HUAMAN,HUAMBALPA,72.20132242208797
AYACUCHO,VILCAS HUAMAN,INDEPENDENCIA,94.49720445552445
AYACUCHO,VILCAS HUAMAN,SAURAMA,90.95341880023024
AYACUCHO,VILCAS HUAMAN,VILCAS HUAMAN,79.95373461266328
AYACUCHO,VILCAS HUAMAN,VISCHONGO,54.256054229950884
CAJAMARCA,CAJABAMBA,CACHACHI,82.17653572964748
CAJAMARCA,CAJABAMBA,CAJABAMBA,76.4619033499193
CAJAMARCA,CAJABAMBA,CONDEBAMBA,48.901498368094465
CAJAMARCA,CAJABAMBA,SITACOCHA,94.71373125696988
CAJAMARCA,CAJAMARCA,ASUNCION,96.98776672302932
CAJAMARCA,CAJAMARCA,CAJAMARCA,45.51836658342537
CAJAMARCA,CAJAMARCA,CHETILLA,84.10839059900471
CAJAMARCA,CAJAMARCA,COSPAN,84.54510504306533
CAJAMARCA,CAJAMARCA,ENCAÑADA,44.02613977730775
CAJAMARCA,CAJAMARCA,JESUS,76.08746246657304
CAJAMARCA,CAJAMARCA,LLACANORA,31.25861807575819
CAJAMARCA,CAJAMARCA,LOS BAÑOS DEL INCA,42.44227870642048
CAJAMARCA,CAJAMARCA,MAGDALENA,75.65479784895123
CAJAMARCA,CAJAMARCA,MATARA,36.82175756781948
CAJAMARCA,CAJAMARCA,NAMORA,47.547716964256274
CAJAMARCA,CAJAMARCA,SAN JUAN,82.91615167227275
CAJAMARCA,CELENDIN,CELENDIN,90.05291991872342
CAJAMARCA,CELENDIN,CHUMUCH,103.49698819079659
CAJAMARCA,CELENDIN,CORTEGANA,94.55999544681899
CAJAMARCA,CELENDIN,HUASMIN,56.16563458849036
CAJAMARCA,CELENDIN,JORGE CHAVEZ,85.64558164697367
CAJAMARCA,CELENDIN,JOSE GALVEZ,41.641147727124185
CAJAMARCA,CELENDIN,LA LIBERTAD DE PALLAN,47.538181603652795
CAJAMARCA,CELENDIN,MIGUEL IGLESIAS,54.761860409796476
CAJAMARCA,CELENDIN,OXAMARCA,73.9249211631239
CAJAMARCA,CELENDIN,SOROCHUCO,66.31972092224568
CAJAMARCA,CELENDIN,SUCRE,54.58653438024528
CAJAMARCA,CELENDIN,UTCO,100.25642931548995
CAJAMARCA,CHOTA,ANGUIA,76.45293033551118
CAJAMARCA,CHOTA,CHADIN,58.91873911696489
CAJAMARCA,CHOTA,CHALAMARCA,57.844696911971305
CAJAMARCA,CHOTA,CHIGUIRIP,66.6539485202765
CAJAMARCA,CHOTA,CHIMBAN,75.85416883626709
CAJAMARCA,CHOTA,CHOROPAMPA,88.12302838467434
CAJAMARCA,CHOTA,CHOTA,46.68118083864115
CAJAMARCA,CHOTA,COCHABAMBA,57.5317346854864
CAJAMARCA,CHOTA,CONCHAN,49.301866914342696
CAJAMARCA,CHOTA,HUAMBOS,77.63411136018651
CAJAMARCA,CHOTA,LAJAS,53.962885701162776
CAJAMARCA,CHOTA,LLAMA,57.41663446629835
CAJAMARCA,CHOTA,MIRACOSTA,61.25077805926047
CAJAMARCA,CHOTA,PACCHA,57.0153718189798
CAJAMARCA,CHOTA,PION,72.09888909885026
CAJAMARCA,CHOTA,QUEROCOTO,33.03408695265201
CAJAMARCA,CHOTA,SAN JUAN DE LICUPIS,56.72781507194725
CAJAMARCA,CHOTA,TACABAMBA,69.42970657498023
CAJAMARCA,CHOTA,TOCMOCHE,54.70720440415811
CAJAMARCA,CONTUMAZA,CHILETE,77.8127192219979
CAJAMARCA,CONTUMAZA,CONTUMAZA,80.61622141159174
CAJAMARCA,CONTUMAZA,CUPISNIQUE,45.88481826869588
CAJAMARCA,CONTUMAZA,GUZMANGO,51.63205410230306
CAJAMARCA,CONTUMAZA,SAN BENITO,31.109591712453447
CAJAMARCA,CONTUMAZA,SANTA CRUZ DE TOLED,93.36707332599205
CAJAMARCA,CONTUMAZA,TANTARICA,77.62867617457074
CAJAMARCA,CONTUMAZA,YONAN,25.61199650217575
CAJAMARCA,CUTERVO,CALLAYUC,52.54023230126536
CAJAMARCA,CUTERVO,CHOROS,44.082798867042825
CAJAMARCA,CUTERVO,CUJILLO,65.51212444591515
CAJAMARCA,CUTERVO,CUTERVO,79.48394763234991
CAJAMARCA,CUTERVO,LA RAMADA,66.561758398273
CAJAMARCA,CUTERVO,PIMPINGOS,61.93023540208493
CAJAMARCA,CUTERVO,QUEROCOTILLO,37.522140998947286
CAJAMARCA,CUTERVO,SAN ANDRES DE CUTERVO,53.651646040108304
CAJAMARCA,CUTERVO,SAN JUAN DE CUTERVO,89.37205648348505
CAJAMARCA,CUTERVO,SAN LUIS DE LUCMA,112.14027156939196
CAJAMARCA,CUTERVO,SANTA CRUZ,65.32318175519745
CAJAMARCA,CUTERVO,SANTO DOMINGO DE LA CAPILLA,69.6929211888096
CAJAMARCA,CUTERVO,SANTO TOMAS,70.4609328283819
CAJAMARCA,CUTERVO,SOCOTA,77.07133941653348
CAJAMARCA,CUTERVO,TORIBIO CASANOVA,41.67363446630872
CAJAMARCA,HUALGAYOC,BAMBAMARCA,59.850254687547114
CAJAMARCA,HUALGAYOC,CHUGUR,74.32554858639271
CAJAMARCA,HUALGAYOC,HUALGAYOC,51.112751061254215
CAJAMARCA,JAEN,BELLAVISTA,22.8755489949561
CAJAMARCA,JAEN,CHONTALI,7.689445491016907
CAJAMARCA,JAEN,COLASAY,33.44172354188571
CAJAMARCA,JAEN,HUABAL,15.340275614799586
CAJAMARCA,JAEN,JAEN,33.7328360054627
CAJAMARCA,JAEN,LAS PIRIAS,38.97111752917026
CAJAMARCA,JAEN,POMAHUACA,50.6397920588802
CAJAMARCA,JAEN,PUCARA,45.899278393586535
CAJAMARCA,JAEN,SALLIQUE,58.46351880171257
CAJAMARCA,JAEN,SAN FELIPE,71.8299244344102
CAJAMARCA,JAEN,SAN JOSE DEL ALTO,6.661854491279507
CAJAMARCA,JAEN,SANTA ROSA,31.27007631013727
CAJAMARCA,SAN IGNACIO,CHIRINOS,23.40677040351461
CAJAMARCA,SAN IGNACIO,HUARANGO,21.584587976613324
CAJAMARCA,SAN IGNACIO,LA COIPA,13.016730174213023
CAJAMARCA,SAN IGNACIO,NAMBALLE,14.155186225982439
CAJAMARCA,SAN IGNACIO,SAN IGNACIO,2.1604648143874248
CAJAMARCA,SAN IGNACIO,SAN JOSE DE LOURDES,7.776437957612126
CAJAMARCA,SAN IGNACIO,TABACONAS,6.25296681944309
CAJAMARCA,SAN MARCOS,CHANCAY,53.19148652070671
CAJAMARCA,SAN MARCOS,EDUARDO VILLANUEVA,60.09896570549212
CAJAMARCA,SAN MARCOS,GREGORIO PITA,62.44108137028035
CAJAMARCA,SAN MARCOS,ICHOCAN,71.08811814704987
CAJAMARCA,SAN MARCOS,JOSE MANUEL QUIROZ,119.40133696413531
CAJAMARCA,SAN MARCOS,JOSE SABOGAL,97.27372823914627
CAJAMARCA,SAN MARCOS,PEDRO GALVEZ,69.84129944094259
CAJAMARCA,SAN MIGUEL,BOLIVAR,38.81170526616337
CAJAMARCA,SAN MIGUEL,CALQUIS,54.0708636243795
CAJAMARCA,SAN MIGUEL,CATILLUC,42.73150524237867
CAJAMARCA,SAN MIGUEL,EL PRADO,77.1008193334678
CAJAMARCA,SAN MIGUEL,LA FLORIDA,54.61020587722431
CAJAMARCA,SAN MIGUEL,LLAPA,65.70133313511857
CAJAMARCA,SAN MIGUEL,NANCHOC,18.109854605715245
CAJAMARCA,SAN MIGUEL,NIEPOS,59.26198436694783
CAJAMARCA,SAN MIGUEL,SAN GREGORIO,21.601803554262254
CAJAMARCA,SAN MIGUEL,SAN MIGUEL,76.24368650823313
CAJAMARCA,SAN MIGUEL,SAN SILVESTRE DE COCHAN,68.81373518053313
CAJAMARCA,SAN MIGUEL,TONGOD,45.586053527107296
CAJAMARCA,SAN MIGUEL,UNION AGUA BLANCA,49.92985791199892
CAJAMARCA,SAN PABLO,SAN BERNARDINO,75.51001882611781
CAJAMARCA,SAN PABLO,SAN LUIS,58.975121701916784
CAJAMARCA,SAN PABLO,SAN PABLO,69.20998687217585
CAJAMARCA,SAN PABLO,TUMBADEN,62.79940147848063
CAJAMARCA,SANTA CRUZ,ANDABAMBA,142.66956934508735
CAJAMARCA,SANTA CRUZ,CATACHE,60.60505030372598
CAJAMARCA,SANTA CRUZ,CHANCAYBAÑOS,49.913734408552465
CAJAMARCA,SANTA CRUZ,LA ESPERANZA,67.53032279264211
CAJAMARCA,SANTA CRUZ,NINABAMBA,83.98418880151078
CAJAMARCA,SANTA CRUZ,PULAN,60.374747042272794
CAJAMARCA,SANTA CRUZ,SANTA CRUZ,62.69460047207546
CAJAMARCA,SANTA CRUZ,SAUCEPAMPA,95.68279694066196
CAJAMARCA,SANTA CRUZ,SEXI,83.26866889612026
CAJAMARCA,SANTA CRUZ,UTICYACU,69.49320477524059
CAJAMARCA,SANTA CRUZ,YAUYUCAN,105.43764138394751
CALLAO,CALLAO,BELLAVISTA,0.03846423400990953
CALLAO,CALLAO,CALLAO,0.01723887622474399
CALLAO,CALLAO,CARMEN DE LA LEGUA REYNOSO,0.011648172639209527
CALLAO,CALLAO,MI PERU,0.20862141375697246
CALLAO,CALLAO,VENTANILLA,0.2313642459986056
CUSCO,ACOMAYO,ACOMAYO,67.86310293595866
CUSCO,ACOMAYO,ACOPIA,40.30798669290268
CUSCO,ACOMAYO,ACOS,101.16745133723953
CUSCO,ACOMAYO,MOSOC LLACTA,45.935484389708726
CUSCO,ACOMAYO,POMACANCHI,63.97884769164442
CUSCO,ACOMAYO,RONDOCAN,93.36806833264745
CUSCO,ACOMAYO,SANGARARA,56.82616495958947
CUSCO,ANTA,ANCAHUASI,74.30453669639549
CUSCO,ANTA,ANTA,36.66739212308376
CUSCO,ANTA,CACHIMAYO,27.675611686404558
CUSCO,ANTA,CHINCHAYPUJIO,66.14741305772894
CUSCO,ANTA,HUAROCONDO,87.56006806132628
CUSCO,ANTA,LIMATAMBO,99.0620452028078
CUSCO,ANTA,MOLLEPATA,97.99075182821845
CUSCO,ANTA,PUCYURA,41.807452999005164
CUSCO,ANTA,ZURITE,63.91686786434315
CUSCO,CALCA,CALCA,95.25066386077563
CUSCO,CALCA,COYA,78.23538473100206
CUSCO,CALCA,LAMAY,70.81715883094138
CUSCO,CALCA,LARES,100.28165589314332
CUSCO,CALCA,PISAC,81.993797379178
CUSCO,CALCA,SAN SALVADOR,114.41031525271929
CUSCO,CALCA,TARAY,64.84857429077817
CUSCO,CALCA,YANATILE,46.34655768810965
CUSCO,CANAS,CHECCA,34.34466564358833
CUSCO,CANAS,KUNTURKANKI,15.986812448128973
CUSCO,CANAS,LANGUI,22.9092285724281
CUSCO,CANAS,LAYO,30.169513233465043
CUSCO,CANAS,PAMPAMARCA,49.87863685634669
CUSCO,CANAS,QUEHUE,32.23916023863624
CUSCO,CANAS,TUPAC AMARU,42.648293268965034
CUSCO,CANAS,YANAOCA,36.036591954758265
CUSCO,CANCHIS,CHECACUPE,30.56630855705902
CUSCO,CANCHIS,COMBAPATA,47.19605427763959
CUSCO,CANCHIS,MARANGANI,32.37531692849397
CUSCO,CANCHIS,PITUMARCA,35.63994341967398
CUSCO,CANCHIS,SAN PABLO,30.447569632237254
CUSCO,CANCHIS,SAN PEDRO,46.95695859465723
CUSCO,CANCHIS,SICUANI,22.75270563549459
CUSCO,CANCHIS,TINTA,42.74224041771124
CUSCO,CHUMBIVILCAS,CAPACMARCA,87.70175147027
CUSCO,CHUMBIVILCAS,CHAMACA,35.520969852525404
CUSCO,CHUMBIVILCAS,COLQUEMARCA,46.014981416007274
CUSCO,CHUMBIVILCAS,LIVITACA,40.80829006652183
CUSCO,CHUMBIVILCAS,LLUSCO,24.786137540150897
CUSCO,CHUMBIVILCAS,QUIÑOTA,30.739240479205698
CUSCO,CHUMBIVILCAS,SANTO TOMAS,45.136917699410986
CUSCO,CHUMBIVILCAS,VELILLE,40.30485540178002
CUSCO,CUSCO,CCORCA,45.78399319138053
CUSCO,CUSCO,CUSCO,36.564091021426286
CUSCO,CUSCO,POROY,40.90016496638191
CUSCO,CUSCO,SAN JERONIMO,49.23705590564019
CUSCO,CUSCO,SAN SEBASTIAN,35.97605571468766
CUSCO,CUSCO,SANTIAGO,62.23953661190731
CUSCO,CUSCO,SAYLLA,84.57593435765935
CUSCO,CUSCO,WANCHAQ,14.455476909237753
CUSCO,ESPINAR,ALTO PICHIGUA,10.166201576337796
CUSCO,ESPINAR,CONDOROMA,30.865745879088216
CUSCO,ESPINAR,COPORAQUE,35.5386901912667
CUSCO,ESPINAR,ESPINAR,28.141376587088775
CUSCO,ESPINAR,OCORURO,29.34667368297818
CUSCO,ESPINAR,PALLPATA,11.348526330345093
CUSCO,ESPINAR,PICHIGUA,10.875225105518433
CUSCO,ESPINAR,SUYCKUTAMBO,36.53329192983186
CUSCO,LA CONVENCION,ECHARATE,16.788273551918653
CUSCO,LA CONVENCION,HUAYOPATA,40.84886415957696
CUSCO,LA CONVENCION,INKAWASI,56.8240893528933
CUSCO,LA CONVENCION,KIMBIRI,23.03103223744964
CUSCO,LA CONVENCION,MARANURA,34.670726289376326
CUSCO,LA CONVENCION,MEGANTONI,2.3542313440820446
CUSCO,LA CONVENCION,OCOBAMBA,49.335683811851716
CUSCO,LA CONVENCION,PICHARI,12.009504998382864
CUSCO,LA CONVENCION,QUELLOUNO,27.79894871661026
CUSCO,LA CONVENCION,SANTA ANA,34.78703292885182
CUSCO,LA CONVENCION,SANTA TERESA,81.42533639387862
CUSCO,LA CONVENCION,VILCABAMBA,45.10138376715917
CUSCO,LA CONVENCION,VILLA KINTIARINA,7.085843921304456
CUSCO,LA CONVENCION,VILLA VIRGEN,12.809024359096242
CUSCO,PARURO,ACCHA,96.81735457185542
CUSCO,PARURO,CCAPI,99.53154940339506
CUSCO,PARURO,COLCHA,106.70440767287128
CUSCO,PARURO,HUANOQUITE,79.30104150248657
CUSCO,PARURO,OMACHA,61.87654167935874
CUSCO,PARURO,PACCARITAMBO,90.53517841633911
CUSCO,PARURO,PARURO,62.18894522787197
CUSCO,PARURO,PILLPINTO,94.78445150593429
CUSCO,PARURO,YAURISQUE,58.67885352163726
CUSCO,PAUCARTAMBO,CAICAY,104.72125299117437
CUSCO,PAUCARTAMBO,CHALLABAMBA,103.23192126135294
CUSCO,PAUCARTAMBO,COLQUEPATA,51.4162255669624
CUSCO,PAUCARTAMBO,HUANCARANI,50.468113293429404
CUSCO,PAUCARTAMBO,KOSÑIPATA,38.97775957555402
CUSCO,PAUCARTAMBO,PAUCARTAMBO,78.86203354414071
CUSCO,QUISPICANCHI,ANDAHUAYLILLAS,94.23825421393977
CUSCO,QUISPICANCHI,CAMANTI,39.62884491410145
CUSCO,QUISPICANCHI,CCARHUAYO,64.57812111872848
CUSCO,QUISPICANCHI,CCATCA,51.108971805343586
CUSCO,QUISPICANCHI,CUSIPATA,60.31825654643685
CUSCO,QUISPICANCHI,HUARO,64.0549130365743
CUSCO,QUISPICANCHI,LUCRE,71.72111783905953
CUSCO,QUISPICANCHI,MARCAPATA,85.54603598842927
CUSCO,QUISPICANCHI,OCONGATE,43.84173892257562
CUSCO,QUISPICANCHI,OROPESA,77.18024144090694
CUSCO,QUISPICANCHI,QUIQUIJANA,73.55353140809378
CUSCO,QUISPICANCHI,URCOS,96.92373731005112
CUSCO,URUBAMBA,CHINCHERO,30.750897399995097
CUSCO,URUBAMBA,HUAYLLABAMBA,102.07078570742284
CUSCO,URUBAMBA,MACHUPICCHU,57.616943244852415
CUSCO,URUBAMBA,MARAS,45.73339714495619
CUSCO,URUBAMBA,OLLANTAYTAMBO,107.44805118359938
CUSCO,URUBAMBA,URUBAMBA,103.25195042917731
CUSCO,URUBAMBA,YUCAY,85.13310779904184
HUANCAVELICA,ACOBAMBA,ACOBAMBA,80.92507258558331
HUANCAVELICA,ACOBAMBA,ANDABAMBA,95.9440214069425
HUANCAVELICA,ACOBAMBA,ANTA,76.68419443174584
HUANCAVELICA,ACOBAMBA,CAJA,106.33272868941717
HUANCAVELICA,ACOBAMBA,MARCAS,75.73432639714514
HUANCAVELICA,ACOBAMBA,PAUCARA,35.85853628933137
HUANCAVELICA,ACOBAMBA,POMACOCHA,102.32580034001279
HUANCAVELICA,ACOBAMBA,ROSARIO,58.23480009896354
HUANCAVELICA,ANGARAES,ANCHONGA,41.96447257479586
HUANCAVELICA,ANGARAES,CALLANMARCA,94.27768453254639
HUANCAVELICA,ANGARAES,CCOCHACCASA,46.49159022729792
HUANCAVELICA,ANGARAES,CHINCHO,59.0760599364148
HUANCAVELICA,ANGARAES,CONGALLA,37.317272011117396
HUANCAVELICA,ANGARAES,HUANCA-HUANCA,31.44189974657435
HUANCAVELICA,ANGARAES,HUAYLLAY GRANDE,43.96155206903218
HUANCAVELICA,ANGARAES,JULCAMARCA,70.6324614270947
HUANCAVELICA,ANGARAES,LIRCAY,47.23806824537071
HUANCAVELICA,ANGARAES,SAN ANTONIO DE ANTAPARCO,51.43680035447368
HUANCAVELICA,ANGARAES,SANTO TOMAS DE PATA,30.569913992372342
HUANCAVELICA,ANGARAES,SECCLLA,26.66546555520754
HUANCAVELICA,CASTROVIRREYNA,ARMA,53.7823613191924
HUANCAVELICA,CASTROVIRREYNA,AURAHUA,71.42509341332956
HUANCAVELICA,CASTROVIRREYNA,CAPILLAS,26.889481790321035
HUANCAVELICA,CASTROVIRREYNA,CASTROVIRREYNA,66.42247049531676
HUANCAVELICA,CASTROVIRREYNA,CHUPAMARCA,41.518149957225056
HUANCAVELICA,CASTROVIRREYNA,COCAS,119.51122550725259
HUANCAVELICA,CASTROVIRREYNA,HUACHOS,58.32589444997708
HUANCAVELICA,CASTROVIRREYNA,HUAMATAMBO,49.484206466166924
HUANCAVELICA,CASTROVIRREYNA,MOLLEPAMPA,51.41280814381896
HUANCAVELICA,CASTROVIRREYNA,SAN JUAN,26.380011591225276
HUANCAVELICA,CASTROVIRREYNA,SANTA ANA,48.23875002355779
HUANCAVELICA,CASTROVIRREYNA,TANTARA,48.63185880475218
HUANCAVELICA,CASTROVIRREYNA,TICRAPO,68.03200989484463
HUANCAVELICA,CHURCAMPA,ANCO,90.9073795472782
HUANCAVELICA,CHURCAMPA,CHINCHIHUASI,106.96593611639567
HUANCAVELICA,CHURCAMPA,CHURCAMPA,80.80886201521282
HUANCAVELICA,CHURCAMPA,COSME,99.43110239169546
HUANCAVELICA,CHURCAMPA,EL CARMEN,88.86253618336137
HUANCAVELICA,CHURCAMPA,LA MERCED,72.42504501614432
HUANCAVELICA,CHURCAMPA,LOCROJA,55.95791534061084
HUANCAVELICA,CHURCAMPA,PACHAMARCA,96.15809370453813
HUANCAVELICA,CHURCAMPA,PAUCARBAMBA,81.66862842385656
HUANCAVELICA,CHURCAMPA,SAN MIGUEL DE MAYOCC,128.7525968137632
HUANCAVELICA,CHURCAMPA,SAN PEDRO DE CORIS,126.26452375661013
HUANCAVELICA,HUANCAVELICA,ACOBAMBILLA,44.08697197424967
HUANCAVELICA,HUANCAVELICA,ACORIA,61.46269148884752
HUANCAVELICA,HUANCAVELICA,ASCENSION,40.46538511797166
HUANCAVELICA,HUANCAVELICA,CONAYCA,34.2261711359889
HUANCAVELICA,HUANCAVELICA,CUENCA,32.523908129610774
HUANCAVELICA,HUANCAVELICA,HUACHOCOLPA,76.21080099777879
HUANCAVELICA,HUANCAVELICA,HUANCAVELICA,51.244877909666315
HUANCAVELICA,HUANCAVELICA,HUANDO,41.1311372911953
HUANCAVELICA,HUANCAVELICA,HUAYLLAHUARA,26.83159394403931
HUANCAVELICA,HUANCAVELICA,IZCUCHACA,97.47010104942758
HUANCAVELICA,HUANCAVELICA,LARIA,18.37258615725207
HUANCAVELICA,HUANCAVELICA,MANTA,39.644599311162125
HUANCAVELICA,HUANCAVELICA,MARISCAL CACERES,77.85623136168248
HUANCAVELICA,HUANCAVELICA,MOYA,35.394464339090554
HUANCAVELICA,HUANCAVELICA,NUEVO OCCORO,34.168767530558384
HUANCAVELICA,HUANCAVELICA,PALCA,48.605152088875215
HUANCAVELICA,HUANCAVELICA,PILCHACA,36.284324880941334
HUANCAVELICA,HUANCAVELICA,VILCA,35.75530206491544
HUANCAVELICA,HUANCAVELICA,YAULI,25.192435526900486
HUANCAVELICA,HUAYTARA,AYAVI,13.952604957086113
HUANCAVELICA,HUAYTARA,CORDOVA,27.670822098813208
HUANCAVELICA,HUAYTARA,HUAYACUNDO ARMA,61.4485814243787
HUANCAVELICA,HUAYTARA,HUAYTARA,17.88726194859772
HUANCAVELICA,HUAYTARA,LARAMARCA,41.652207976157506
HUANCAVELICA,HUAYTARA,OCOYO,47.223006818382466
HUANCAVELICA,HUAYTARA,PILPICHACA,40.39746106730698
HUANCAVELICA,HUAYTARA,QUERCO,57.87374888023261
HUANCAVELICA,HUAYTARA,QUITO-ARMA,27.432211037928248
HUANCAVELICA,HUAYTARA,SAN ANTONIO DE CUSICANCHA,40.08645446311444
HUANCAVELICA,HUAYTARA,SAN FRANCISCO DE SANGAYAICO,26.21461177119125
HUANCAVELICA,HUAYTARA,SAN ISIDRO,19.454140259288167
HUANCAVELICA,HUAYTARA,SANTIAGO DE CHOCORVOS,26.04401257952771
HUANCAVELICA,HUAYTARA,SANTIAGO DE QUIRAHUARA,54.950891670962
HUANCAVELICA,HUAYTARA,SANTO DOMINGO DE CAPILLAS,41.67653615396918
HUANCAVELICA,HUAYTARA,TAMBO,31.247711581343825
HUANCAVELICA,TAYACAJA,ACOSTAMBO,54.84381543550521
HUANCAVELICA,TAYACAJA,ACRAQUIA,50.21332668151393
HUANCAVELICA,TAYACAJA,AHUAYCHA,64.1689760802404
HUANCAVELICA,TAYACAJA,ANDAYMARCA,88.93792236960145
HUANCAVELICA,TAYACAJA,COLCABAMBA,96.68147811781157
HUANCAVELICA,TAYACAJA,DANIEL HERNANDEZ,112.90481767426412
HUANCAVELICA,TAYACAJA,HUACHOCOLPA,81.56965792356374
HUANCAVELICA,TAYACAJA,HUARIBAMBA,87.19296184113585
HUANCAVELICA,TAYACAJA,PAMPAS,78.7064668030841
HUANCAVELICA,TAYACAJA,PAZOS,63.56121873076436
HUANCAVELICA,TAYACAJA,PICHOS,95.92433357262824
HUANCAVELICA,TAYACAJA,QUICHUAS,80.96439133774065
HUANCAVELICA,TAYACAJA,QUISHUAR,70.62028722875112
HUANCAVELICA,TAYACAJA,ROBLE,55.55589304953677
HUANCAVELICA,TAYACAJA,SALCABAMBA,87.52380153308319
HUANCAVELICA,TAYACAJA,SALCAHUASI,72.12772381594013
HUANCAVELICA,TAYACAJA,SAN MARCOS DE ROCCHAC,74.22607913140959
HUANCAVELICA,TAYACAJA,SANTIAGO DE TUCUMA,67.44534440180965
HUANCAVELICA,TAYACAJA,SURCUBAMBA,93.49415905538905
HUANCAVELICA,TAYACAJA,TINTAY PUNCU,63.01784380709737
HUANCAVELICA,TAYACAJA,ÑAHUIMPUQUIO,56.52557597747627
HUANUCO,AMBO,AMBO,100.04076102692215
HUANUCO,AMBO,CAYNA,61.507296444049786
HUANUCO,AMBO,COLPAS,62.27982214714619
HUANUCO,AMBO,CONCHAMARCA,99.13098771934023
HUANUCO,AMBO,HUACAR,111.63570265834883
HUANUCO,AMBO,SAN FRANCISCO,107.90949792583679
HUANUCO,AMBO,SAN RAFAEL,90.58916991732924
HUANUCO,AMBO,TOMAY KICHWA,108.5665938690115
HUANUCO,DOS DE MAYO,CHUQUIS,73.18452312626042
HUANUCO,DOS DE MAYO,LA UNION,22.006357621593455
HUANUCO,DOS DE MAYO,MARIAS,83.50254981912477
HUANUCO,DOS DE MAYO,PACHAS,24.63804868065237
HUANUCO,DOS DE MAYO,QUIVILLA,69.57034929127018
HUANUCO,DOS DE MAYO,RIPAN,27.217501371139363
HUANUCO,DOS DE MAYO,SHUNQUI,17.064647394072132
HUANUCO,DOS DE MAYO,SILLAPATA,59.96829933899483
HUANUCO,DOS DE MAYO,YANAS,85.7916230845941
HUANUCO,HUACAYBAMBA,CANCHABAMBA,75.41612060063044
HUANUCO,HUACAYBAMBA,COCHABAMBA,24.50074520758501
HUANUCO,HUACAYBAMBA,HUACAYBAMBA,73.36110497115864
HUANUCO,HUACAYBAMBA,PINRA,79.4729484840609
HUANUCO,HUAMALIES,ARANCAY,39.01781108416752
HUANUCO,HUAMALIES,CHAVIN DE PARIARCA,65.63015275089322
HUANUCO,HUAMALIES,JACAS GRANDE,65.41547893449751
HUANUCO,HUAMALIES,JIRCAN,19.83561699753254
HUANUCO,HUAMALIES,LLATA,27.72535954692261
HUANUCO,HUAMALIES,MIRAFLORES,33.08896018480888
HUANUCO,HUAMALIES,MONZON,32.60440138245584
HUANUCO,HUAMALIES,PUNCHAO,29.168813999246108
HUANUCO,HUAMALIES,PUÑOS,22.963833407732594
HUANUCO,HUAMALIES,SINGA,38.38688389287483
HUANUCO,HUAMALIES,TANTAMAYO,62.3779396441507
HUANUCO,HUANUCO,AMARILIS,108.87897142420479
HUANUCO,HUANUCO,CHINCHAO,45.29627308637853
HUANUCO,HUANUCO,CHURUBAMBA,95.11651661471463
HUANUCO,HUANUCO,HUANUCO,108.54682264197169
HUANUCO,HUANUCO,MARGOS,35.812360573439825
HUANUCO,HUANUCO,PILLCO MARCA,86.79827372183557
HUANUCO,HUANUCO,QUISQUI (KICHKI),80.11679124860115
HUANUCO,HUANUCO,SAN FRANCISCO DE CAYRAN,100.63058459534159
HUANUCO,HUANUCO,SAN PABLO DE PILLAO,32.94192561047977
HUANUCO,HUANUCO,SAN PEDRO DE CHAULAN,79.68804054461535
HUANUCO,HUANUCO,SANTA MARIA DEL VALLE,95.75549494805786
HUANUCO,HUANUCO,YACUS,43.206032771664056
HUANUCO,HUANUCO,YARUMAYO,84.11661566922703
HUANUCO,LAURICOCHA,BAÑOS,24.97542612094121
HUANUCO,LAURICOCHA,JESUS,38.63901487205543
HUANUCO,LAURICOCHA,JIVIA,32.29847689771389
HUANUCO,LAURICOCHA,QUEROPALCA,39.465071028520235
HUANUCO,LAURICOCHA,RONDOS,24.019981054960066
HUANUCO,LAURICOCHA,SAN FRANCISCO DE ASIS,58.928667236259564
HUANUCO,LAURICOCHA,SAN MIGUEL DE CAURI,29.798963841612807
HUANUCO,LEONCIO PRADO,CASTILLO GRANDE,29.580507902289163
HUANUCO,LEONCIO PRADO,DANIEL ALOMIA ROBLES,15.080042493146113
HUANUCO,LEONCIO PRADO,HERMILIO VALDIZAN,12.879030451618076
HUANUCO,LEONCIO PRADO,JOSE CRESPO Y CASTILLO,9.623348853519254
HUANUCO,LEONCIO PRADO,LUYANDO,23.556014007607242
HUANUCO,LEONCIO PRADO,MARIANO DAMASO BERAUN,26.92025122500105
HUANUCO,LEONCIO PRADO,PUCAYACU,4.863514189104222
HUANUCO,LEONCIO PRADO,PUEBLO NUEVO,8.192236261394692
HUANUCO,LEONCIO PRADO,RUPA-RUPA,16.213158256667633
HUANUCO,LEONCIO PRADO,SANTO DOMINGO DE ANDA,9.216018816177195
HUANUCO,MARAÑON,CHOLON,27.155667742120055
HUANUCO,MARAÑON,HUACRACHUCO,85.64522807604854
HUANUCO,MARAÑON,LA MORADA,8.333367655527615
HUANUCO,MARAÑON,SAN BUENAVENTURA,104.11164839736873
HUANUCO,MARAÑON,SANTA ROSA DE ALTO YANAJANCA,16.30432968202167
HUANUCO,PACHITEA,CHAGLLA,30.023637650630267
HUANUCO,PACHITEA,MOLINO,85.63428350782944
HUANUCO,PACHITEA,PANAO,62.47968092976243
HUANUCO,PACHITEA,UMARI,104.62573527034834
HUANUCO,PUERTO INCA,CODO DEL POZUZO,10.16043610814001
HUANUCO,PUERTO INCA,HONORIA,0.8705093290449305
HUANUCO,PUERTO INCA,PUERTO INCA,2.753842994099331
HUANUCO,PUERTO INCA,TOURNAVISTA,1.2115585764297694
HUANUCO,PUERTO INCA,YUYAPICHIS,2.020799796477791
HUANUCO,YAROWILCA,APARICIO POMARES,94.37427813427641
HUANUCO,YAROWILCA,CAHUAC,53.12003698967492
HUANUCO,YAROWILCA,CHACABAMBA,36.62573257607913
HUANUCO,YAROWILCA,CHAVINILLO,67.98290498043994
HUANUCO,YAROWILCA,CHORAS,74.83393656429261
HUANUCO,YAROWILCA,JACAS CHICO,58.253138477958906
HUANUCO,YAROWILCA,OBAS,47.70383380085714
HUANUCO,YAROWILCA,PAMPAMARCA,67.65371066315139
ICA,CHINCHA,ALTO LARAN,3.0926731447991975
ICA,CHINCHA,CHAVIN,6.079122032671226
ICA,CHINCHA,CHINCHA ALTA,0.7118127867996712
ICA,CHINCHA,CHINCHA BAJA,0.15372520472975232
ICA,CHINCHA,EL CARMEN,1.6406503773095518
ICA,CHINCHA,GROCIO PRADO,0.3308368848447728
ICA,CHINCHA,PUEBLO NUEVO,1.5963094497537074
ICA,CHINCHA,SAN JUAN DE YANAC,9.295360643634574
ICA,CHINCHA,SAN PEDRO DE HUACARPANA,20.021457494678963
ICA,CHINCHA,SUNAMPE,0.05906072573832884
ICA,CHINCHA,TAMBO DE MORA,0.13899775582132531
ICA,ICA,ICA,0.4709623775165035
ICA,ICA,LA TINGUIÑA,2.055520761872031
ICA,ICA,LOS AQUIJES,1.9573927103240778
ICA,ICA,OCUCAJE,0.4874871287254525
ICA,ICA,PACHACUTEC,0.5444588679460133
ICA,ICA,PARCONA,0.1496304444782073
ICA,ICA,PUEBLO NUEVO,0.7419496711899609
ICA,ICA,SALAS,0.3821153220466893
ICA,ICA,SAN JOSE DE LOS MOLINOS,4.5582910516223745
ICA,ICA,SAN JUAN BAUTISTA,0.7413795144533241
ICA,ICA,SANTIAGO,0.5233680677158794
ICA,ICA,SUBTANJALLA,0.22131286777191964
ICA,ICA,TATE,0.020864740216127838
ICA,ICA,YAUCA DEL ROSARIO,4.243716885605523
ICA,NASCA,CHANGUILLO,1.1043844514779095
ICA,NASCA,EL INGENIO,2.5452907585564395
ICA,NASCA,MARCONA,1.8917359822118085
ICA,NASCA,NASCA,1.3298494342412088
ICA,NASCA,VISTA ALEGRE,3.0931938118384674
ICA,PALPA,LLIPATA,1.6635080330462912
ICA,PALPA,PALPA,3.083729190433544
ICA,PALPA,RIO GRANDE,4.472536187683075
ICA,PALPA,SANTA CRUZ,0.8541739179809146
ICA,PALPA,TIBILLO,9.856269601392423
ICA,PISCO,HUANCANO,8.248602909102566
ICA,PISCO,HUMAY,1.4202421045195814
ICA,PISCO,INDEPENDENCIA,0.22418659412970096
ICA,PISCO,PARACAS,1.5146803308828969
ICA,PISCO,PISCO,0.09024859917478141
ICA,PISCO,SAN ANDRES,0.09959553146512971
ICA,PISCO,SAN CLEMENTE,1.0441028816171183
ICA,PISCO,TUPAC AMARU INCA,0.09530067372881985
JUNIN,CHANCHAMAYO,CHANCHAMAYO,13.49612636135523
JUNIN,CHANCHAMAYO,PERENE,13.472457612724627
JUNIN,CHANCHAMAYO,PICHANAQUI,11.519109587397383
JUNIN,CHANCHAMAYO,SAN LUIS DE SHUARO,4.274739801885979
JUNIN,CHANCHAMAYO,SAN RAMON,16.42628557630948
JUNIN,CHANCHAMAYO,VITOC,26.351353513181753
JUNIN,CHUPACA,AHUAC,31.983818917072274
JUNIN,CHUPACA,CHONGOS BAJO,28.158739928264442
JUNIN,CHUPACA,CHUPACA,6.986611825072487
JUNIN,CHUPACA,HUACHAC,24.759310166268858
JUNIN,CHUPACA,HUAMANCACA CHICO,3.5864098770185167
JUNIN,CHUPACA,SAN JUAN DE ISCOS,43.32044392763158
JUNIN,CHUPACA,SAN JUAN DE JARPA,28.082699631880118
JUNIN,CHUPACA,TRES DE DICIEMBRE,12.007684195256633
JUNIN,CHUPACA,YANACANCHA,19.74533247924237
JUNIN,CONCEPCION,ACO,19.292991947759567
JUNIN,CONCEPCION,ANDAMARCA,81.9441029280698
JUNIN,CONCEPCION,CHAMBARA,26.65650946109097
JUNIN,CONCEPCION,COCHAS,56.65112807171111
JUNIN,CONCEPCION,COMAS,89.15284849446411
JUNIN,CONCEPCION,CONCEPCION,6.556292601335051
JUNIN,CONCEPCION,HEROINAS TOLEDO,65.98348632353981
JUNIN,CONCEPCION,MANZANARES,15.319578745472024
JUNIN,CONCEPCION,MARISCAL CASTILLA,55.74337916245824
JUNIN,CONCEPCION,MATAHUASI,6.555502106426063
JUNIN,CONCEPCION,MITO,25.128188231848313
JUNIN,CONCEPCION,NUEVE DE JULIO,8.815574890051838
JUNIN,CONCEPCION,ORCOTUNA,11.501466419002627
JUNIN,CONCEPCION,SAN JOSE DE QUERO,17.89995855049876
JUNIN,CONCEPCION,SANTA ROSA DE OCOPA,38.95943156402059
JUNIN,HUANCAYO,CARHUACALLANGA,35.68217904611111
JUNIN,HUANCAYO,CHACAPAMPA,18.416821604349146
JUNIN,HUANCAYO,CHICCHE,21.106907528107275
JUNIN,HUANCAYO,CHILCA,46.75159337382088
JUNIN,HUANCAYO,CHONGOS ALTO,23.79694052133833
JUNIN,HUANCAYO,CHUPURO,66.96537334164417
JUNIN,HUANCAYO,COLCA,39.77792008683677
JUNIN,HUANCAYO,CULLHUAS,58.43989297998967
JUNIN,HUANCAYO,EL TAMBO,42.519545338289994
JUNIN,HUANCAYO,HUACRAPUQUIO,44.60086720759447
JUNIN,HUANCAYO,HUALHUAS,61.266096166523205
JUNIN,HUANCAYO,HUANCAN,5.053443785909598
JUNIN,HUANCAYO,HUANCAYO,74.86963567905983
JUNIN,HUANCAYO,HUASICANCHA,21.47091428059867
JUNIN,HUANCAYO,HUAYUCACHI,11.502231081984716
JUNIN,HUANCAYO,INGENIO,54.99983528158302
JUNIN,HUANCAYO,PARIAHUANCA,82.25793281832152
JUNIN,HUANCAYO,PILCOMAYO,4.168900331526241
JUNIN,HUANCAYO,PUCARA,60.9153466733223
JUNIN,HUANCAYO,QUICHUAY,42.03939797543164
JUNIN,HUANCAYO,QUILCAS,43.62732616480155
JUNIN,HUANCAYO,SAN AGUSTIN,31.088677087468998
JUNIN,HUANCAYO,SAN JERONIMO DE TUNAN,5.056491177233854
JUNIN,HUANCAYO,SANTO DOMINGO DE ACOBAMBA,53.283386945863406
JUNIN,HUANCAYO,SAPALLANGA,44.50373288730582
JUNIN,HUANCAYO,SAÑO,52.128666819529265
JUNIN,HUANCAYO,SICAYA,4.50557232687538
JUNIN,HUANCAYO,VIQUES,25.50024692204222
JUNIN,JAUJA,ACOLLA,11.325746580349099
JUNIN,JAUJA,APATA,42.66801996600177
JUNIN,JAUJA,ATAURA,3.722629536279872
JUNIN,JAUJA,CANCHAYLLO,28.37567702590751
JUNIN,JAUJA,CURICACA,35.22450475945969
JUNIN,JAUJA,EL MANTARO,13.612080508949024
JUNIN,JAUJA,HUAMALI,20.7081034132065
JUNIN,JAUJA,HUARIPAMPA,34.96696773730663
JUNIN,JAUJA,HUERTAS,6.003531372670991
JUNIN,JAUJA,JANJAILLO,10.812718022548193
JUNIN,JAUJA,JAUJA,7.517665979630296
JUNIN,JAUJA,JULCAN,50.351432818935294
JUNIN,JAUJA,LEONOR ORDOÑEZ,14.708922943504012
JUNIN,JAUJA,LLOCLLAPAMPA,22.06986395376345
JUNIN,JAUJA,MARCO,15.814162945290555
JUNIN,JAUJA,MASMA,23.005338159832867
JUNIN,JAUJA,MASMA CHICCHE,27.21471284406179
JUNIN,JAUJA,MOLINOS,46.604153172234916
JUNIN,JAUJA,MONOBAMBA,34.98112917261356
JUNIN,JAUJA,MUQUI,39.73956241361387
JUNIN,JAUJA,MUQUIYAUYO,15.67966518634902
JUNIN,JAUJA,PACA,15.878196862764474
JUNIN,JAUJA,PACCHA,29.0229984241505
JUNIN,JAUJA,PANCAN,23.923392674203868
JUNIN,JAUJA,PARCO,28.09975947354804
JUNIN,JAUJA,POMACANCHA,6.714433858612934
JUNIN,JAUJA,RICRAN,50.706244623631534
JUNIN,JAUJA,SAN LORENZO,13.694149904700476
JUNIN,JAUJA,SAN PEDRO DE CHUNAN,60.75180027721077
JUNIN,JAUJA,SAUSA,13.66137597600529
JUNIN,JAUJA,SINCOS,19.062905374524583
JUNIN,JAUJA,TUNAN MARCA,11.321146224013434
JUNIN,JAUJA,YAULI,49.60943973659525
JUNIN,JAUJA,YAUYOS,27.67454305690884
JUNIN,JUNIN,CARHUAMAYO,9.68782193830798
JUNIN,JUNIN,JUNIN,18.059150030329317
JUNIN,JUNIN,ONDORES,20.81867681243345
JUNIN,JUNIN,ULCUMAYO,41.92527625105076
JUNIN,SATIPO,COVIRIALI,16.32622460037209
JUNIN,SATIPO,LLAYLLA,23.617890483649376
JUNIN,SATIPO,MAZAMARI,5.830403233165451
JUNIN,SATIPO,PAMPA HERMOSA,45.58835189233176
JUNIN,SATIPO,PANGOA,17.89722499061086
JUNIN,SATIPO,RIO NEGRO,7.704506908523147
JUNIN,SATIPO,RIO TAMBO,5.49920643195742
JUNIN,SATIPO,SATIPO,9.513744956232646
JUNIN,SATIPO,VIZCATAN DEL ENE,20.77822349243847
JUNIN,TARMA,ACOBAMBA,73.59901516758443
JUNIN,TARMA,HUARICOLCA,15.439595033218124
JUNIN,TARMA,HUASAHUASI,47.90328468574679
JUNIN,TARMA,LA UNION,30.972444205898494
JUNIN,TARMA,PALCA,51.676066591630985
JUNIN,TARMA,PALCAMAYO,40.89945713076333
JUNIN,TARMA,SAN PEDRO DE CAJAS,45.55749935477471
JUNIN,TARMA,TAPO,54.36061316859909
JUNIN,TARMA,TARMA,33.831897728297086
JUNIN,YAULI,CHACAPALPA,20.92003313575139
JUNIN,YAULI,HUAY-HUAY,35.76602780209121
JUNIN,YAULI,LA OROYA,27.60967695582185
JUNIN,YAULI,MARCAPOMACOCHA,34.29412801755585
JUNIN,YAULI,MOROCOCHA,39.747169564354444
JUNIN,YAULI,PACCHA,22.85262511417252
JUNIN,YAULI,SANTA BARBARA DE CARHUACAYAN,32.53941322392567
JUNIN,YAULI,SANTA ROSA DE SACCO,13.753144914181288
JUNIN,YAULI,SUITUCANCHA,39.03589958674574
JUNIN,YAULI,YAULI,51.404406305753994
LA LIBERTAD,ASCOPE,ASCOPE,6.6842324637863175
LA LIBERTAD,ASCOPE,CASA GRANDE,8.633290381591292
LA LIBERTAD,ASCOPE,CHICAMA,20.158462810556443
LA LIBERTAD,ASCOPE,CHOCOPE,0.17075382383552073
LA LIBERTAD,ASCOPE,MAGDALENA DE CAO,0.5728094335385312
LA LIBERTAD,ASCOPE,PAIJAN,0.4690232402405697
LA LIBERTAD,ASCOPE,RAZURI,0.6630693695277688
LA LIBERTAD,ASCOPE,SANTIAGO DE CAO,1.547658915363626
LA LIBERTAD,BOLIVAR,BAMBAMARCA,86.8005747814841
LA LIBERTAD,BOLIVAR,BOLIVAR,79.01079894433066
LA LIBERTAD,BOLIVAR,CONDORMARCA,74.80438373148657
LA LIBERTAD,BOLIVAR,LONGOTEA,84.8764596541924
LA LIBERTAD,BOLIVAR,UCHUMARCA,82.10771881844356
LA LIBERTAD,BOLIVAR,UCUNCHA,102.55041142044702
LA LIBERTAD,CHEPEN,CHEPEN,8.009936937815668
LA LIBERTAD,CHEPEN,PACANGA,6.268716590725554
LA LIBERTAD,CHEPEN,PUEBLO NUEVO,6.181885043416817
LA LIBERTAD,GRAN CHIMU,CASCAS,64.04819812875469
LA LIBERTAD,GRAN CHIMU,LUCMA,62.694958066293154
LA LIBERTAD,GRAN CHIMU,MARMOT,75.19306026619526
LA LIBERTAD,GRAN CHIMU,SAYAPULLO,97.88582674076711
LA LIBERTAD,JULCAN,CALAMARCA,81.90246778690249
LA LIBERTAD,JULCAN,CARABAMBA,59.98125397200103
LA LIBERTAD,JULCAN,HUASO,50.32582215868224
LA LIBERTAD,JULCAN,JULCAN,77.93307359615187
LA LIBERTAD,OTUZCO,AGALLPAMPA,55.68275522119084
LA LIBERTAD,OTUZCO,CHARAT,104.52095835394967
LA LIBERTAD,OTUZCO,HUARANCHAL,73.35089840858879
LA LIBERTAD,OTUZCO,LA CUESTA,82.91151266132579
LA LIBERTAD,OTUZCO,MACHE,82.30189608376246
LA LIBERTAD,OTUZCO,OTUZCO,83.80699757302901
LA LIBERTAD,OTUZCO,PARANDAY,108.07711756559083
LA LIBERTAD,OTUZCO,SALPO,79.45744538980914
LA LIBERTAD,OTUZCO,SINSICAP,82.48886176696531
LA LIBERTAD,OTUZCO,USQUIL,85.02078908596256
LA LIBERTAD,PACASMAYO,GUADALUPE,6.655775244211996
LA LIBERTAD,PACASMAYO,JEQUETEPEQUE,8.416988443197912
LA LIBERTAD,PACASMAYO,PACASMAYO,0.861690387080202
LA LIBERTAD,PACASMAYO,SAN JOSE,6.45258498816853
LA LIBERTAD,PACASMAYO,SAN PEDRO DE LLOC,5.307777119532244
LA LIBERTAD,PATAZ,BULDIBUYO,95.70457314925174
LA LIBERTAD,PATAZ,CHILLIA,108.74337205477518
LA LIBERTAD,PATAZ,HUANCASPATA,77.23847834036317
LA LIBERTAD,PATAZ,HUAYLILLAS,95.90267639813229
LA LIBERTAD,PATAZ,HUAYO,109.82093584665489
LA LIBERTAD,PATAZ,ONGON,37.80942167717335
LA LIBERTAD,PATAZ,PARCOY,96.65328315396927
LA LIBERTAD,PATAZ,PATAZ,62.176949888434905
LA LIBERTAD,PATAZ,PIAS,71.54793532284721
LA LIBERTAD,PATAZ,SANTIAGO DE CHALLAS,71.85748561059036
LA LIBERTAD,PATAZ,TAURIJA,71.80874940155321
LA LIBERTAD,PATAZ,TAYABAMBA,96.66949034204136
LA LIBERTAD,PATAZ,URPAY,63.74737118921312
LA LIBERTAD,SANCHEZ CARRION,CHUGAY,80.62349142918444
LA LIBERTAD,SANCHEZ CARRION,COCHORCO,107.88590754745364
LA LIBERTAD,SANCHEZ CARRION,CURGOS,61.607467211195775
LA LIBERTAD,SANCHEZ CARRION,HUAMACHUCO,81.44330232882142
LA LIBERTAD,SANCHEZ CARRION,MARCABAL,78.0615025874295
LA LIBERTAD,SANCHEZ CARRION,SANAGORAN,84.63962504741377
LA LIBERTAD,SANCHEZ CARRION,SARIN,96.00105255165292
LA LIBERTAD,SANCHEZ CARRION,SARTIMBAMBA,100.82072635919852
LA LIBERTAD,SANTIAGO DE CHUCO,ANGASMARCA,59.38869778450298
LA LIBERTAD,SANTIAGO DE CHUCO,CACHICADAN,61.940005381276706
LA LIBERTAD,SANTIAGO DE CHUCO,MOLLEBAMBA,57.5473739457635
LA LIBERTAD,SANTIAGO DE CHUCO,MOLLEPATA,73.69250253049752
LA LIBERTAD,SANTIAGO DE CHUCO,QUIRUVILCA,56.58171721461716
LA LIBERTAD,SANTIAGO DE CHUCO,SANTA CRUZ DE CHUCA,91.80969672848394
LA LIBERTAD,SANTIAGO DE CHUCO,SANTIAGO DE CHUCO,60.488421394616104
LA LIBERTAD,SANTIAGO DE CHUCO,SITABAMBA,86.06301170449214
LA LIBERTAD,TRUJILLO,EL PORVENIR,0.5373276218569494
LA LIBERTAD,TRUJILLO,FLORENCIA DE MORA,0.24647726253464555
LA LIBERTAD,TRUJILLO,HUANCHACO,11.278970075799608
LA LIBERTAD,TRUJILLO,LA ESPERANZA,0.13555199112397345
LA LIBERTAD,TRUJILLO,LAREDO,12.56883408117464
LA LIBERTAD,TRUJILLO,MOCHE,0.18067626616527482
LA LIBERTAD,TRUJILLO,POROTO,30.8193627119437
LA LIBERTAD,TRUJILLO,SALAVERRY,8.041501119155212
LA LIBERTAD,TRUJILLO,SIMBAL,54.71750608436626
LA LIBERTAD,TRUJILLO,TRUJILLO,0.7133367890549991
LA LIBERTAD,TRUJILLO,VICTOR LARCO HERRERA,1.764122389146299
LA LIBERTAD,VIRU,CHAO,9.164222042130916
LA LIBERTAD,VIRU,GUADALUPITO,0.8066552696796251
LA LIBERTAD,VIRU,VIRU,8.252760156305913
LAMBAYEQUE,CHICLAYO,CAYALTI,6.704602123670991
LAMBAYEQUE,CHICLAYO,CHICLAYO,0.08310973406456808
LAMBAYEQUE,CHICLAYO,CHONGOYAPE,12.772296699108328
LAMBAYEQUE,CHICLAYO,ETEN,4.607657992492225
LAMBAYEQUE,CHICLAYO,ETEN PUERTO,3.5323845245460865
LAMBAYEQUE,CHICLAYO,JOSE LEONARDO ORTIZ,0.16490167438178863
LAMBAYEQUE,CHICLAYO,LA VICTORIA,0.9547770890070432
LAMBAYEQUE,CHICLAYO,LAGUNAS,2.0276482435001855
LAMBAYEQUE,CHICLAYO,MONSEFU,2.06861763943642
LAMBAYEQUE,CHICLAYO,NUEVA ARICA,12.00193955339618
LAMBAYEQUE,CHICLAYO,OYOTUN,23.29516658850309
LAMBAYEQUE,CHICLAYO,PATAPO,10.120880118423617
LAMBAYEQUE,CHICLAYO,PICSI,0.1691544633542419
LAMBAYEQUE,CHICLAYO,PIMENTEL,0.8194515899616023
LAMBAYEQUE,CHICLAYO,POMALCA,0.3834046104266051
LAMBAYEQUE,CHICLAYO,PUCALA,9.300388519722885
LAMBAYEQUE,CHICLAYO,REQUE,0.8405787752285503
LAMBAYEQUE,CHICLAYO,SANTA ROSA,2.6452966712418324
LAMBAYEQUE,CHICLAYO,SAÑA,1.7190843958592124
LAMBAYEQUE,CHICLAYO,TUMAN,0.916804373733897
LAMBAYEQUE,FERREÑAFE,CAÑARIS,29.972493038243353
LAMBAYEQUE,FERREÑAFE,FERREÑAFE,0.175192493579481
LAMBAYEQUE,FERREÑAFE,INCAHUASI,52.247846734457895
LAMBAYEQUE,FERREÑAFE,MANUEL ANTONIO MESONES MURO,6.25839557043015
LAMBAYEQUE,FERREÑAFE,PITIPO,17.31407133616927
LAMBAYEQUE,FERREÑAFE,PUEBLO NUEVO,0.1693799186870533
LAMBAYEQUE,LAMBAYEQUE,CHOCHOPE,27.54089690618644
LAMBAYEQUE,LAMBAYEQUE,ILLIMO,0.1722880614656433
LAMBAYEQUE,LAMBAYEQUE,JAYANCA,3.3245314136920285
LAMBAYEQUE,LAMBAYEQUE,LAMBAYEQUE,1.0117259828765122
LAMBAYEQUE,LAMBAYEQUE,MOCHUMI,0.27649819811565834
LAMBAYEQUE,LAMBAYEQUE,MORROPE,0.29508796182583263
LAMBAYEQUE,LAMBAYEQUE,MOTUPE,14.399797440292458
LAMBAYEQUE,LAMBAYEQUE,OLMOS,6.893185119415194
LAMBAYEQUE,LAMBAYEQUE,PACORA,0.16595587138498805
LAMBAYEQUE,LAMBAYEQUE,SALAS,44.01016688195441
LAMBAYEQUE,LAMBAYEQUE,SAN JOSE,2.772327382294638
LAMBAYEQUE,LAMBAYEQUE,TUCUME,0.22010569508420558
LIMA,BARRANCA,BARRANCA,0.22462588299478767
LIMA,BARRANCA,PARAMONGA,4.003698274766241
LIMA,BARRANCA,PATIVILCA,0.46648016640631496
LIMA,BARRANCA,SUPE,1.2188361944604358
LIMA,BARRANCA,SUPE PUERTO,0.16491742665545298
LIMA,CAJATAMBO,CAJATAMBO,61.284323428689824
LIMA,CAJATAMBO,COPA,75.45305304037167
LIMA,CAJATAMBO,GORGOR,46.037066749245426
LIMA,CAJATAMBO,HUANCAPON,53.74107369004502
LIMA,CAJATAMBO,MANAS,60.941487515117586
LIMA,CANTA,ARAHUAY,40.09690899702435
LIMA,CANTA,CANTA,77.81761500554488
LIMA,CANTA,HUAMANTANGA,17.003548551647587
LIMA,CANTA,HUAROS,45.91327053463223
LIMA,CANTA,LACHAQUI,58.210146849526446
LIMA,CANTA,SAN BUENAVENTURA,54.96583433685991
LIMA,CANTA,SANTA ROSA DE QUIVES,11.588356397451381
LIMA,CAÑETE,ASIA,0.20585207915411588
LIMA,CAÑETE,CALANGO,10.599041164290513
LIMA,CAÑETE,CERRO AZUL,0.07396159529077283
LIMA,CAÑETE,CHILCA,1.5724370242390526
LIMA,CAÑETE,COAYLLO,5.403264274166963
LIMA,CAÑETE,IMPERIAL,0.04243424007192776
LIMA,CAÑETE,LUNAHUANA,5.928045866486211
LIMA,CAÑETE,MALA,0.14229773236041895
LIMA,CAÑETE,NUEVO IMPERIAL,1.6780607291466754
LIMA,CAÑETE,PACARAN,9.900907999581102
LIMA,CAÑETE,QUILMANA,1.1997716348010619
LIMA,CAÑETE,SAN ANTONIO,0.07604769308139515
LIMA,CAÑETE,SAN LUIS,0.03626553123510065
LIMA,CAÑETE,SAN VICENTE DE CAÑETE,0.8320946674615236
LIMA,CAÑETE,SANTA CRUZ DE FLORES,0.1477581515096817
LIMA,CAÑETE,ZUÑIGA,14.986927389392708
LIMA,HUARAL,ATAVILLOS ALTO,54.53159489645438
LIMA,HUARAL,ATAVILLOS BAJO,51.66465788467647
LIMA,HUARAL,AUCALLAMA,2.709374131507524
LIMA,HUARAL,CHANCAY,0.19664728951175628
LIMA,HUARAL,HUARAL,1.7021869824387796
LIMA,HUARAL,IHUARI,18.690876223803766
LIMA,HUARAL,LAMPIAN,39.84060937720523
LIMA,HUARAL,PACARAOS,55.83231712431577
LIMA,HUARAL,SAN MIGUEL DE ACOS,89.44507886512544
LIMA,HUARAL,SANTA CRUZ DE ANDAMARCA,65.73244393107812
LIMA,HUARAL,SUMBILCA,32.16223595283301
LIMA,HUARAL,VEINTISIETE DE NOVIEMBRE,72.96777979044425
LIMA,HUAROCHIRI,ANTIOQUIA,16.125420083233916
LIMA,HUAROCHIRI,CALLAHUANCA,32.925939263271715
LIMA,HUAROCHIRI,CARAMPOMA,76.60378668032408
LIMA,HUAROCHIRI,CHICLA,88.22726456258455
LIMA,HUAROCHIRI,CUENCA,21.64180326285109
LIMA,HUAROCHIRI,HUACHUPAMPA,50.5605652692349
LIMA,HUAROCHIRI,HUANZA,64.69210204437049
LIMA,HUAROCHIRI,HUAROCHIRI,48.59576513625563
LIMA,HUAROCHIRI,LAHUAYTAMBO,69.31444152573651
LIMA,HUAROCHIRI,LANGA,30.41047164467954
LIMA,HUAROCHIRI,MARIATANA,13.611492246726739
LIMA,HUAROCHIRI,MATUCANA,81.50628627327204
LIMA,HUAROCHIRI,RICARDO PALMA,12.3064426428032
LIMA,HUAROCHIRI,SAN ANDRES DE TUPICOCHA,29.614709243367777
LIMA,HUAROCHIRI,SAN ANTONIO,8.5796341603188
LIMA,HUAROCHIRI,SAN BARTOLOME,51.388414245374264
LIMA,HUAROCHIRI,SAN DAMIAN,60.23054475087253
LIMA,HUAROCHIRI,SAN JUAN DE IRIS,47.166603188268574
LIMA,HUAROCHIRI,SAN JUAN DE TANTARANCHE,78.22221788635382
LIMA,HUAROCHIRI,SAN LORENZO DE QUINTI,77.55974254109965
LIMA,HUAROCHIRI,SAN MATEO,81.61474301867125
LIMA,HUAROCHIRI,SAN MATEO DE OTAO,41.74073266955593
LIMA,HUAROCHIRI,SAN PEDRO DE CASTA,39.942476803933275
LIMA,HUAROCHIRI,SAN PEDRO DE HUANCAYRE,87.79567573417805
LIMA,HUAROCHIRI,SAN PEDRO DE LARAOS,35.28337520696189
LIMA,HUAROCHIRI,SANGALLAYA,52.898639164449385
LIMA,HUAROCHIRI,SANTA CRUZ DE COCACHACRA,31.545399041979113
LIMA,HUAROCHIRI,SANTA EULALIA,9.515981480769216
LIMA,HUAROCHIRI,SANTIAGO DE ANCHUCAYA,74.93725806505508
LIMA,HUAROCHIRI,SANTIAGO DE TUNA,20.71644979263657
LIMA,HUAROCHIRI,SANTO DOMINGO DE LOS OLLEROS,5.463610730957445
LIMA,HUAROCHIRI,SURCO,89.51589568538246
LIMA,HUAURA,AMBAR,28.07897057042197
LIMA,HUAURA,CALETA DE CARQUIN,0.182745683861675
LIMA,HUAURA,CHECRAS,58.49316445218345
LIMA,HUAURA,HUACHO,0.1998645419459764
LIMA,HUAURA,HUALMAY,0.1554738676679689
LIMA,HUAURA,HUAURA,1.8807179032200207
LIMA,HUAURA,LEONCIO PRADO,39.01118083569712
LIMA,HUAURA,PACCHO,48.787380871539476
LIMA,HUAURA,SANTA LEONOR,51.71501061688538
LIMA,HUAURA,SANTA MARIA,0.3036099307775668
LIMA,HUAURA,SAYAN,7.34145176983154
LIMA,HUAURA,VEGUETA,0.16379860583799707
LIMA,LIMA,ANCON,1.096003905427828
LIMA,LIMA,ATE,0.39020099215731946
LIMA,LIMA,BARRANCO,0.04882707776453163
LIMA,LIMA,BREÑA,0.009832867423280078
LIMA,LIMA,CARABAYLLO,1.2946301122704837
LIMA,LIMA,CHACLACAYO,2.9307756791997166
LIMA,LIMA,CHORRILLOS,0.03616970036411764
LIMA,LIMA,CIENEGUILLA,2.1782225261526613
LIMA,LIMA,COMAS,0.1543819764985908
LIMA,LIMA,EL AGUSTINO,0.07852094340043855
LIMA,LIMA,INDEPENDENCIA,0.1378620320542206
LIMA,LIMA,JESUS MARIA,0.005000000000000001
LIMA,LIMA,LA MOLINA,0.20329448370789613
LIMA,LIMA,LA VICTORIA,0.013682533650496246
LIMA,LIMA,LIMA,0.03845278796900012
LIMA,LIMA,LINCE,0.005000000000000001
LIMA,LIMA,LOS OLIVOS,0.033688435977873
LIMA,LIMA,LURIGANCHO,2.0902222727901734
LIMA,LIMA,LURIN,0.3872547752202955
LIMA,LIMA,MAGDALENA DEL MAR,0.005000000000000001
LIMA,LIMA,MIRAFLORES,0.011184672388700205
LIMA,LIMA,PACHACAMAC,0.6297756507207646
LIMA,LIMA,PUCUSANA,0.03012075322205864
LIMA,LIMA,PUEBLO LIBRE,0.005000000000000001
LIMA,LIMA,PUENTE PIEDRA,0.3900619208114389
LIMA,LIMA,PUNTA HERMOSA,0.6518105270686687
LIMA,LIMA,PUNTA NEGRA,1.2321412268627063
LIMA,LIMA,RIMAC,0.34448468043432207
LIMA,LIMA,SAN BARTOLO,0.23842236653452406
LIMA,LIMA,SAN BORJA,0.008042006503008872
LIMA,LIMA,SAN ISIDRO,0.005000000000000001
LIMA,LIMA,SAN JUAN DE LURIGANCHO,0.2659102498615157
LIMA,LIMA,SAN JUAN DE MIRAFLORES,0.030919774463586475
LIMA,LIMA,SAN LUIS,0.05291053612845323
LIMA,LIMA,SAN MARTIN DE PORRES,0.02814902033049237
LIMA,LIMA,SAN MIGUEL,0.008042674478058471
LIMA,LIMA,SANTA ANITA,0.023351551341458113
LIMA,LIMA,SANTA MARIA DEL MAR,0.1227204017271563
LIMA,LIMA,SANTA ROSA,0.1544138173160829
LIMA,LIMA,SANTIAGO DE SURCO,0.02694185400821895
LIMA,LIMA,SURQUILLO,0.00699715697909557
LIMA,LIMA,VILLA EL SALVADOR,0.06384625204390114
LIMA,LIMA,VILLA MARIA DEL TRIUNFO,0.16886158523751107
LIMA,OYON,ANDAJES,58.21966571550745
LIMA,OYON,CAUJUL,37.195087593382944
LIMA,OYON,COCHAMARCA,33.37981393597688
LIMA,OYON,NAVAN,45.74833677902546
LIMA,OYON,OYON,50.15374174664279
LIMA,OYON,PACHANGARA,60.54637310718372
LIMA,YAUYOS,ALIS,69.29860668329599
LIMA,YAUYOS,ALLAUCA,29.313856142729158
LIMA,YAUYOS,AYAVIRI,79.38438682482168
LIMA,YAUYOS,AZANGARO,10.825600385830167
LIMA,YAUYOS,CACRA,60.469865115369124
LIMA,YAUYOS,CARANIA,105.8471728017133
LIMA,YAUYOS,CATAHUASI,74.38966707628454
LIMA,YAUYOS,CHOCOS,24.87027146129647
LIMA,YAUYOS,COCHAS,77.36303791088592
LIMA,YAUYOS,COLONIA,75.89392675541019
LIMA,YAUYOS,HONGOS,67.90178317942144
LIMA,YAUYOS,HUAMPARA,72.58255066853262
LIMA,YAUYOS,HUANCAYA,59.510635530033916
LIMA,YAUYOS,HUANGASCAR,33.285162005419146
LIMA,YAUYOS,HUANTAN,76.7407713504325
LIMA,YAUYOS,HUAÑEC,69.07217713254252
LIMA,YAUYOS,LARAOS,50.81922875223286
LIMA,YAUYOS,LINCHA,67.86803027160155
LIMA,YAUYOS,MADEAN,37.47871795827576
LIMA,YAUYOS,MIRAFLORES,89.48813036640584
LIMA,YAUYOS,OMAS,22.34685051575799
LIMA,YAUYOS,PUTINZA,66.68589881164192
LIMA,YAUYOS,QUINCHES,90.55937084413311
LIMA,YAUYOS,QUINOCAY,43.327532919717235
LIMA,YAUYOS,SAN JOAQUIN,90.0918120290439
LIMA,YAUYOS,SAN PEDRO DE PILAS,39.899131726945676
LIMA,YAUYOS,TANTA,66.63347076241546
LIMA,YAUYOS,TAURIPAMPA,12.798491918214438
LIMA,YAUYOS,TOMAS,40.91336272706936
LIMA,YAUYOS,TUPE,67.41002809715278
LIMA,YAUYOS,VITIS,67.96716429686526
LIMA,YAUYOS,VIÑAC,46.894064028038066
LIMA,YAUYOS,YAUYOS,69.12642446583895
LORETO,ALTO AMAZONAS,BALSAPUERTO,2.9183497173948694
LORETO,ALTO AMAZONAS,JEBEROS,0.07366876834841338
LORETO,ALTO AMAZONAS,LAGUNAS,0.027697099895306953
LORETO,ALTO AMAZONAS,SANTA CRUZ,0.1605937785363454
LORETO,ALTO AMAZONAS,TENIENTE CESAR LOPEZ ROJAS,0.20528177688477045
LORETO,ALTO AMAZONAS,YURIMAGUAS,0.3878550709567906
LORETO,DATEM DEL MARAÑON,ANDOAS,0.08642585375265933
LORETO,DATEM DEL MARAÑON,BARRANCA,1.3489066994260877
LORETO,DATEM DEL MARAÑON,CAHUAPANAS,1.1321697772006716
LORETO,DATEM DEL MARAÑON,MANSERICHE,1.5526410305740839
LORETO,DATEM DEL MARAÑON,MORONA,0.19800507063986944
LORETO,DATEM DEL MARAÑON,PASTAZA,0.03351964253746604
LORETO,LORETO,NAUTA,0.036016331992151165
LORETO,LORETO,PARINARI,0.01152294901882737
LORETO,LORETO,TIGRE,0.03757837543150242
LORETO,LORETO,TROMPETEROS,0.06302817422230422
LORETO,LORETO,URARINAS,0.025721229781126006
LORETO,MARISCAL RAMON CASTILLA,PEBAS,0.06969498835971667
LORETO,MARISCAL RAMON CASTILLA,RAMON CASTILLA,0.10191379656619554
LORETO,MARISCAL RAMON CASTILLA,SAN PABLO,0.05505727386443572
LORETO,MARISCAL RAMON CASTILLA,YAVARI,0.07293475107072783
LORETO,MAYNAS,ALTO NANAY,0.07569713557473193
LORETO,MAYNAS,BELEN,0.08765182602743207
LORETO,MAYNAS,FERNANDO LORES,0.07068318223141708
LORETO,MAYNAS,INDIANA,0.0532704878618425
LORETO,MAYNAS,IQUITOS,0.09096611077181625
LORETO,MAYNAS,LAS AMAZONAS,0.0585956196444685
LORETO,MAYNAS,MAZAN,0.04057127675587815
LORETO,MAYNAS,NAPO,0.06371179218431838
LORETO,MAYNAS,PUNCHANA,0.06798010176746498
LORETO,MAYNAS,SAN JUAN BAUTISTA,0.1348190944587528
LORETO,MAYNAS,TORRES CAUSANA,0.06705326522181511
LORETO,PUTUMAYO,PUTUMAYO,0.06366786524465463
LORETO,PUTUMAYO,ROSA PANDURO,0.06153939131912172
LORETO,PUTUMAYO,TENIENTE MANUEL CLAVERO,0.06567670872433168
LORETO,PUTUMAYO,YAGUAS,0.07430996722717124
LORETO,REQUENA,ALTO TAPICHE,0.07845845025701122
LORETO,REQUENA,CAPELO,0.005000000000000001
LORETO,REQUENA,EMILIO SAN MARTIN,0.01849182378605429
LORETO,REQUENA,JENARO HERRERA,0.07689697692219516
LORETO,REQUENA,MAQUIA,0.05025737659553151
LORETO,REQUENA,PUINAHUA,0.022391208311859354
LORETO,REQUENA,REQUENA,0.03894056803903833
LORETO,REQUENA,SAQUENA,0.06446833199437034
LORETO,REQUENA,SOPLIN,0.03848811327823653
LORETO,REQUENA,TAPICHE,0.029629843790253095
LORETO,REQUENA,YAQUERANA,0.07444906628543337
LORETO,UCAYALI,CONTAMANA,1.0322691698609512
LORETO,UCAYALI,INAHUAYA,0.15057191470576406
LORETO,UCAYALI,PADRE MARQUEZ,0.04399029622071025
LORETO,UCAYALI,PAMPA HERMOSA,2.425511833640784
LORETO,UCAYALI,SARAYACU,0.25767558515094174
LORETO,UCAYALI,VARGAS GUERRA,0.34354443210637947
MADRE DE DIOS,MANU,FITZCARRALD,1.3109667217355117
MADRE DE DIOS,MANU,HUEPETUHE,6.58426960444602
MADRE DE DIOS,MANU,MADRE DE DIOS,3.5507333158637464
MADRE DE DIOS,MANU,MANU,7.0572721555392
MADRE DE DIOS,TAHUAMANU,IBERIA,0.15992240834853752
MADRE DE DIOS,TAHUAMANU,IÑAPARI,0.19546811889790405
MADRE DE DIOS,TAHUAMANU,TAHUAMANU,0.20850500796930493
MADRE DE DIOS,TAMBOPATA,INAMBARI,0.6110459889779726
MADRE DE DIOS,TAMBOPATA,LABERINTO,0.24216340526217905
MADRE DE DIOS,TAMBOPATA,LAS PIEDRAS,0.27082732163983964
MADRE DE DIOS,TAMBOPATA,TAMBOPATA,0.25911295792195116
MOQUEGUA,GENERAL SANCHEZ CERRO,CHOJATA,54.85273887675565
MOQUEGUA,GENERAL SANCHEZ CERRO,COALAQUE,98.72953844058159
MOQUEGUA,GENERAL SANCHEZ CERRO,ICHUÑA,51.210902480532226
MOQUEGUA,GENERAL SANCHEZ CERRO,LA CAPILLA,15.89877968618146
MOQUEGUA,GENERAL SANCHEZ CERRO,LLOQUE,42.615921431308024
MOQUEGUA,GENERAL SANCHEZ CERRO,MATALAQUE,96.28869750919146
MOQUEGUA,GENERAL SANCHEZ CERRO,OMATE,106.46608140544062
MOQUEGUA,GENERAL SANCHEZ CERRO,PUQUINA,57.42486496255409
MOQUEGUA,GENERAL SANCHEZ CERRO,QUINISTAQUILLAS,102.26452690873344
MOQUEGUA,GENERAL SANCHEZ CERRO,UBINAS,41.795570293793254
MOQUEGUA,GENERAL SANCHEZ CERRO,YUNGA,56.37092407075376
MOQUEGUA,ILO,EL ALGARROBAL,4.498429900057266
MOQUEGUA,ILO,ILO,3.3238669057580115
MOQUEGUA,ILO,PACOCHA,7.240141708371477
MOQUEGUA,MARISCAL NIETO,CARUMAS,40.32389147285605
MOQUEGUA,MARISCAL NIETO,CUCHUMBAYA,93.8416806625045
MOQUEGUA,MARISCAL NIETO,MOQUEGUA,9.795319528384619
MOQUEGUA,MARISCAL NIETO,SAMEGUA,46.07385565923917
MOQUEGUA,MARISCAL NIETO,SAN CRISTOBAL,86.67622429552424
MOQUEGUA,MARISCAL NIETO,TORATA,35.829257712161144
PASCO,DANIEL ALCIDES CARRION,CHACAYAN,55.28518667625789
PASCO,DANIEL ALCIDES CARRION,GOYLLARISQUIZGA,41.32040140887716
PASCO,DANIEL ALCIDES CARRION,PAUCAR,88.12691070110394
PASCO,DANIEL ALCIDES CARRION,SAN PEDRO DE PILLAO,34.42572455850833
PASCO,DANIEL ALCIDES CARRION,SANTA ANA DE TUSI,64.04026612842152
PASCO,DANIEL ALCIDES CARRION,TAPUC,65.05654339121094
PASCO,DANIEL ALCIDES CARRION,VILCABAMBA,64.89462231084865
PASCO,DANIEL ALCIDES CARRION,YANAHUANCA,39.001360100658395
PASCO,OXAPAMPA,CHONTABAMBA,17.509498869154147
PASCO,OXAPAMPA,CONSTITUCION,2.2210757257959814
PASCO,OXAPAMPA,HUANCABAMBA,36.584262697968505
PASCO,OXAPAMPA,OXAPAMPA,16.84619296232493
PASCO,OXAPAMPA,PALCAZU,14.527822968840674
PASCO,OXAPAMPA,POZUZO,24.7230310591749
PASCO,OXAPAMPA,PUERTO BERMUDEZ,3.0461286547528688
PASCO,OXAPAMPA,VILLA RICA,11.69635674401735
PASCO,PASCO,CHAUPIMARCA,64.21481330612013
PASCO,PASCO,HUACHON,74.31073808399395
PASCO,PASCO,HUARIACA,97.77653940358451
PASCO,PASCO,HUAYLLAY,20.779091299811444
PASCO,PASCO,NINACACA,22.143260241444217
PASCO,PASCO,PALLANCHACRA,101.33828549203716
PASCO,PASCO,PAUCARTAMBO,57.726742029414396
PASCO,PASCO,SAN FRANCISCO DE ASIS DE YARUSYACAN,81.21875960266613
PASCO,PASCO,SIMON BOLIVAR,16.471376581121287
PASCO,PASCO,TICLACAYAN,65.08283138284395
PASCO,PASCO,TINYAHUARCO,20.36091959794465
PASCO,PASCO,VICCO,5.813436159609164
PASCO,PASCO,YANACANCHA,63.04747642686175
PIURA,AYABACA,AYABACA,33.71705140272043
PIURA,AYABACA,FRIAS,30.90514460325509
PIURA,AYABACA,JILILI,11.376427078371137
PIURA,AYABACA,LAGUNAS,56.769042075301236
PIURA,AYABACA,MONTERO,21.882280908799277
PIURA,AYABACA,PACAIPAMPA,54.902709444180935
PIURA,AYABACA,PAIMAS,18.448412049747585
PIURA,AYABACA,SAPILLICA,26.014312091200782
PIURA,AYABACA,SICCHEZ,28.30326076736788
PIURA,AYABACA,SUYO,8.695466935611925
PIURA,HUANCABAMBA,CANCHAQUE,41.03744449385226
PIURA,HUANCABAMBA,EL CARMEN DE LA FRONTERA,40.10196356818007
PIURA,HUANCABAMBA,HUANCABAMBA,64.25978209713854
PIURA,HUANCABAMBA,HUARMACA,72.73258934682289
PIURA,HUANCABAMBA,LALAQUIZ,46.07331263094789
PIURA,HUANCABAMBA,SAN MIGUEL DE EL FAIQUE,62.38949714114915
PIURA,HUANCABAMBA,SONDOR,32.15357664114699
PIURA,HUANCABAMBA,SONDORILLO,91.94946018311916
PIURA,MORROPON,BUENOS AIRES,57.074735435161735
PIURA,MORROPON,CHALACO,44.71401707098318
PIURA,MORROPON,CHULUCANAS,13.89321901403548
PIURA,MORROPON,LA MATANZA,8.758385338304375
PIURA,MORROPON,MORROPON,39.76429974312623
PIURA,MORROPON,SALITRAL,59.888261457564795
PIURA,MORROPON,SAN JUAN DE BIGOTE,57.33369815040539
PIURA,MORROPON,SANTA CATALINA DE MOSSA,64.34951914065445
PIURA,MORROPON,SANTO DOMINGO,39.72278813702436
PIURA,MORROPON,YAMANGO,44.29752874508759
PIURA,PAITA,AMOTAPE,1.7078228948056917
PIURA,PAITA,ARENAL,1.1655125152528878
PIURA,PAITA,COLAN,3.828621570725272
PIURA,PAITA,LA HUACA,0.701542424494685
PIURA,PAITA,PAITA,0.479302922184041
PIURA,PAITA,TAMARINDO,2.576298323660486
PIURA,PAITA,VICHAYAL,1.851848378794844
PIURA,PIURA,CASTILLA,1.468842734949306
PIURA,PIURA,CATACAOS,1.6496239091442526
PIURA,PIURA,CURA MORI,0.43791307018121645
PIURA,PIURA,EL TALLAN,0.18971344053879272
PIURA,PIURA,LA ARENA,0.5972605947192532
PIURA,PIURA,LA UNION,0.4299061425702137
PIURA,PIURA,LAS LOMAS,19.928319639407018
PIURA,PIURA,PIURA,0.5858387230204644
PIURA,PIURA,TAMBO GRANDE,8.421882463218658
PIURA,PIURA,VEINTISEIS DE OCTUBRE,0.44697544124807553
PIURA,SECHURA,BELLAVISTA DE LA UNION,0.853580484450495
PIURA,SECHURA,BERNAL,0.1999835854453819
PIURA,SECHURA,CRISTO NOS VALGA,0.17513109581609712
PIURA,SECHURA,RINCONADA LLICUAR,0.20445296422901188
PIURA,SECHURA,SECHURA,0.39923658282022634
PIURA,SECHURA,VICE,1.105430611343499
PIURA,SULLANA,BELLAVISTA,0.41081047099519347
PIURA,SULLANA,IGNACIO ESCUDERO,2.717369080745733
PIURA,SULLANA,LANCONES,8.21422286074729
PIURA,SULLANA,MARCAVELICA,9.89264977839247
PIURA,SULLANA,MIGUEL CHECA,0.4739332825976047
PIURA,SULLANA,QUERECOTILLO,3.2282549313865943
PIURA,SULLANA,SALITRAL,3.9187369100288687
PIURA,SULLANA,SULLANA,5.934041722748861
PIURA,TALARA,EL ALTO,3.4331172612074417
PIURA,TALARA,LA BREA,3.6928988006239876
PIURA,TALARA,LOBITOS,1.1699748255174602
PIURA,TALARA,LOS ORGANOS,5.960527409051017
PIURA,TALARA,MANCORA,6.459656037967645
PIURA,TALARA,PARIÑAS,12.283205678117104
PUNO,AZANGARO,ACHAYA,6.406074549487873
PUNO,AZANGARO,ARAPA,23.637009787046146
PUNO,AZANGARO,ASILLO,9.55878460859933
PUNO,AZANGARO,AZANGARO,12.482349289927136
PUNO,AZANGARO,CAMINACA,2.1499720208392974
PUNO,AZANGARO,CHUPA,10.221815599110469
PUNO,AZANGARO,JOSE DOMINGO CHOQUEHUANCA,9.292319750757372
PUNO,AZANGARO,MUÑANI,26.93107138038308
PUNO,AZANGARO,POTONI,16.649536691162332
PUNO,AZANGARO,SAMAN,2.752680672825966
PUNO,AZANGARO,SAN ANTON,23.23471818380947
PUNO,AZANGARO,SAN JOSE,16.727310576812673
PUNO,AZANGARO,SAN JUAN DE SALINAS,7.537903466695011
PUNO,AZANGARO,SANTIAGO DE PUPUJA,10.592483130795292
PUNO,AZANGARO,TIRAPATA,10.743611582569189
PUNO,CARABAYA,AJOYANI,18.699159686499538
PUNO,CARABAYA,AYAPATA,35.23177094536433
PUNO,CARABAYA,COASA,26.242354505521195
PUNO,CARABAYA,CORANI,56.14847429756363
PUNO,CARABAYA,CRUCERO,20.58033622621245
PUNO,CARABAYA,ITUATA,68.59942212771175
PUNO,CARABAYA,MACUSANI,29.090943514552706
PUNO,CARABAYA,OLLACHEA,89.13113816651268
PUNO,CARABAYA,SAN GABAN,50.05614924447946
PUNO,CARABAYA,USICAYOS,60.74445471408053
PUNO,CHUCUITO,DESAGUADERO,11.694105032884384
PUNO,CHUCUITO,HUACULLANI,19.52289266861806
PUNO,CHUCUITO,JULI,25.021254444315698
PUNO,CHUCUITO,KELLUYO,13.452147363119366
PUNO,CHUCUITO,PISACOMA,32.53622604774227
PUNO,CHUCUITO,POMATA,21.372361352522205
PUNO,CHUCUITO,ZEPITA,18.757856482665463
PUNO,EL COLLAO,CAPAZO,31.624243554017095
PUNO,EL COLLAO,CONDURIRI,19.6818939256541
PUNO,EL COLLAO,ILAVE,18.674288040796853
PUNO,EL COLLAO,PILCUYO,4.5074115546979625
PUNO,EL COLLAO,SANTA ROSA,28.962748921567695
PUNO,HUANCANE,COJATA,11.095183072121934
PUNO,HUANCANE,HUANCANE,18.660215931024695
PUNO,HUANCANE,HUATASANI,15.48458879541527
PUNO,HUANCANE,INCHUPALLA,13.036222136079122
PUNO,HUANCANE,PUSI,10.275334614198607
PUNO,HUANCANE,ROSASPATA,18.20253451163341
PUNO,HUANCANE,TARACO,5.9019527091094295
PUNO,HUANCANE,VILQUE CHICO,19.27618950978524
PUNO,LAMPA,CABANILLA,32.650678816645176
PUNO,LAMPA,CALAPUJA,19.577413482658383
PUNO,LAMPA,LAMPA,28.186278294135345
PUNO,LAMPA,NICASIO,14.02976206802108
PUNO,LAMPA,OCUVIRI,42.44249841603469
PUNO,LAMPA,PALCA,50.55985809983859
PUNO,LAMPA,PARATIA,40.906728606677085
PUNO,LAMPA,PUCARA,21.545179957376362
PUNO,LAMPA,SANTA LUCIA,26.329142735699968
PUNO,LAMPA,VILAVILA,52.984449392538494
PUNO,MELGAR,ANTAUTA,18.920675135800852
PUNO,MELGAR,AYAVIRI,22.993108267009095
PUNO,MELGAR,CUPI,30.899628791139445
PUNO,MELGAR,LLALLI,30.816226021713547
PUNO,MELGAR,MACARI,30.39519315341413
PUNO,MELGAR,NUÑOA,19.22649360634812
PUNO,MELGAR,ORURILLO,11.85655715014846
PUNO,MELGAR,SANTA ROSA,27.99179711210974
PUNO,MELGAR,UMACHIRI,8.998485854071832
PUNO,MOHO,CONIMA,41.010895066022236
PUNO,MOHO,HUAYRAPATA,22.947057408606973
PUNO,MOHO,MOHO,27.195241840516942
PUNO,MOHO,TILALI,23.995360572901937
PUNO,PUNO,ACORA,26.03488742018567
PUNO,PUNO,AMANTANI,0.255
PUNO,PUNO,ATUNCOLLA,5.236118580700727
PUNO,PUNO,CAPACHICA,28.393997449851554
PUNO,PUNO,CHUCUITO,47.27348032415834
PUNO,PUNO,COATA,9.97734008572052
PUNO,PUNO,HUATA,1.9187592683579595
PUNO,PUNO,MAÑAZO,31.796813550452143
PUNO,PUNO,PAUCARCOLLA,10.189625751695278
PUNO,PUNO,PICHACANI,38.41989782502237
PUNO,PUNO,PLATERIA,13.885916545700333
PUNO,PUNO,PUNO,21.866955767997535
PUNO,PUNO,SAN ANTONIO,43.31206396893587
PUNO,PUNO,TIQUILLACA,29.78642555566041
PUNO,PUNO,VILQUE,15.7726550998483
PUNO,SAN ANTONIO DE PUTINA,ANANEA,20.448516066036564
PUNO,SAN ANTONIO DE PUTINA,PEDRO VILCA APAZA,10.600205801599355
PUNO,SAN ANTONIO DE PUTINA,PUTINA,17.26678218749897
PUNO,SAN ANTONIO DE PUTINA,QUILCAPUNCU,16.719188318712952
PUNO,SAN ANTONIO DE PUTINA,SINA,45.669526456986695
PUNO,SAN ROMAN,CABANA,7.748985855698661
PUNO,SAN ROMAN,CABANILLAS,28.323421820481794
PUNO,SAN ROMAN,CARACOTO,2.828381794475091
PUNO,SAN ROMAN,JULIACA,9.9459855530615
PUNO,SAN ROMAN,SAN MIGUEL,10.780763831058486
PUNO,SANDIA,ALTO INAMBARI,11.660623876011373
PUNO,SANDIA,CUYOCUYO,48.44904423044553
PUNO,SANDIA,LIMBANI,21.060834091234792
PUNO,SANDIA,PATAMBUCO,65.65992676323911
PUNO,SANDIA,PHARA,31.071861914248817
PUNO,SANDIA,QUIACA,57.6297757229915
PUNO,SANDIA,SAN JUAN DEL ORO,8.248139300539314
PUNO,SANDIA,SAN PEDRO DE PUTINA PUNCO,3.2577635438333603
PUNO,SANDIA,SANDIA,38.37980433427874
PUNO,SANDIA,YANAHUAYA,12.559689409304259
PUNO,YUNGUYO,ANAPIA,0.026336957644644318
PUNO,YUNGUYO,COPANI,64.5629167377234
PUNO,YUNGUYO,CUTURAPI,37.01575522697272
PUNO,YUNGUYO,OLLARAYA,62.8763650940268
PUNO,YUNGUYO,TINICACHI,30.0
PUNO,YUNGUYO,UNICACHI,35.918379119018816
PUNO,YUNGUYO,YUNGUYO,53.43264316885781
SAN MARTIN,BELLAVISTA,ALTO BIAVO,1.106094396190427
SAN MARTIN,BELLAVISTA,BAJO BIAVO,1.1732893381535623
SAN MARTIN,BELLAVISTA,BELLAVISTA,0.5225440475830838
SAN MARTIN,BELLAVISTA,HUALLAGA,0.46298473719328065
SAN MARTIN,BELLAVISTA,SAN PABLO,0.5157694622560041
SAN MARTIN,BELLAVISTA,SAN RAFAEL,0.6174353476209765
SAN MARTIN,EL DORADO,AGUA BLANCA,0.7097438223662451
SAN MARTIN,EL DORADO,SAN JOSE DE SISA,1.2589088044211245
SAN MARTIN,EL DORADO,SAN MARTIN,2.3217481987956834
SAN MARTIN,EL DORADO,SANTA ROSA,0.5597789762056686
SAN MARTIN,EL DORADO,SHATOJA,0.8481593741543666
SAN MARTIN,HUALLAGA,ALTO SAPOSOA,1.885680469554622
SAN MARTIN,HUALLAGA,EL ESLABON,0.3835339415487343
SAN MARTIN,HUALLAGA,PISCOYACU,0.8032951238771804
SAN MARTIN,HUALLAGA,SACANCHE,0.9586332113628337
SAN MARTIN,HUALLAGA,SAPOSOA,1.6560034137375501
SAN MARTIN,HUALLAGA,TINGO DE SAPOSOA,0.40094680631875984
SAN MARTIN,LAMAS,ALONSO DE ALVARADO,9.258896254398337
SAN MARTIN,LAMAS,BARRANQUITA,2.452044083399639
SAN MARTIN,LAMAS,CAYNARACHI,3.711848029373006
SAN MARTIN,LAMAS,CUÑUMBUQUI,1.8164677001359157
SAN MARTIN,LAMAS,LAMAS,0.5523898580414636
SAN MARTIN,LAMAS,PINTO RECODO,6.6924328993638555
SAN MARTIN,LAMAS,RUMISAPA,0.8504408715567636
SAN MARTIN,LAMAS,SAN ROQUE DE CUMBAZA,3.5228060176114946
SAN MARTIN,LAMAS,SHANAO,0.4426763023041961
SAN MARTIN,LAMAS,TABALOSOS,5.740483871235847
SAN MARTIN,LAMAS,ZAPATERO,0.7956759886520907
SAN MARTIN,MARISCAL CACERES,CAMPANILLA,2.8386717526400376
SAN MARTIN,MARISCAL CACERES,HUICUNGO,15.219007108924673
SAN MARTIN,MARISCAL CACERES,JUANJUI,1.017153159477841
SAN MARTIN,MARISCAL CACERES,PACHIZA,2.5309149603092953
SAN MARTIN,MARISCAL CACERES,PAJARILLO,0.3978657182961687
SAN MARTIN,MOYOBAMBA,CALZADA,0.9373913592388955
SAN MARTIN,MOYOBAMBA,HABANA,0.7741602550947969
SAN MARTIN,MOYOBAMBA,JEPELACIO,9.951325155583476
SAN MARTIN,MOYOBAMBA,MOYOBAMBA,2.3436787994956934
SAN MARTIN,MOYOBAMBA,SORITOR,8.04919159763817
SAN MARTIN,MOYOBAMBA,YANTALO,2.448120577133034
SAN MARTIN,PICOTA,BUENOS AIRES,0.45081681252683015
SAN MARTIN,PICOTA,CASPISAPA,0.2948176995836797
SAN MARTIN,PICOTA,PICOTA,0.565286926437153
SAN MARTIN,PICOTA,PILLUANA,0.8202655784185094
SAN MARTIN,PICOTA,PUCACACA,1.0242682687404545
SAN MARTIN,PICOTA,SAN CRISTOBAL,0.22353953569864343
SAN MARTIN,PICOTA,SAN HILARION,1.1021468698086698
SAN MARTIN,PICOTA,SHAMBOYACU,7.213269535795315
SAN MARTIN,PICOTA,TINGO DE PONASA,2.5471718057165833
SAN MARTIN,PICOTA,TRES UNIDOS,2.7994208903563957
SAN MARTIN,RIOJA,AWAJUN,14.088665719001375
SAN MARTIN,RIOJA,ELIAS SOPLIN VARGAS,4.287384104614317
SAN MARTIN,RIOJA,NUEVA CAJAMARCA,17.25504116803814
SAN MARTIN,RIOJA,PARDO MIGUEL,7.594252239266646
SAN MARTIN,RIOJA,POSIC,0.08271960048408765
SAN MARTIN,RIOJA,RIOJA,2.3768100136705717
SAN MARTIN,RIOJA,SAN FERNANDO,0.6247344808283098
SAN MARTIN,RIOJA,YORONGOS,6.285194311447693
SAN MARTIN,RIOJA,YURACYACU,0.3526783251672051
SAN MARTIN,SAN MARTIN,ALBERTO LEVEAU,0.6824194257649151
SAN MARTIN,SAN MARTIN,CACATACHI,4.386209704656636
SAN MARTIN,SAN MARTIN,CHAZUTA,7.479602033631434
SAN MARTIN,SAN MARTIN,CHIPURANA,0.42941435142146817
SAN MARTIN,SAN MARTIN,EL PORVENIR,0.5739804605126045
SAN MARTIN,SAN MARTIN,HUIMBAYOC,3.025978133339812
SAN MARTIN,SAN MARTIN,JUAN GUERRA,1.1588710677657148
SAN MARTIN,SAN MARTIN,LA BANDA DE SHILCAYO,6.140850684568643
SAN MARTIN,SAN MARTIN,MORALES,1.4146007261543003
SAN MARTIN,SAN MARTIN,PAPAPLAYA,0.23327171994184906
SAN MARTIN,SAN MARTIN,SAN ANTONIO,1.8166986210428202
SAN MARTIN,SAN MARTIN,SAUCE,0.8509506455036385
SAN MARTIN,SAN MARTIN,SHAPAJA,6.686028059544016
SAN MARTIN,SAN MARTIN,TARAPOTO,1.5064986868929438
SAN MARTIN,TOCACHE,NUEVO PROGRESO,4.944613383163528
SAN MARTIN,TOCACHE,POLVORA,6.188380603989797
SAN MARTIN,TOCACHE,SHUNTE,34.08178488905124
SAN MARTIN,TOCACHE,TOCACHE,4.443869172391966
SAN MARTIN,TOCACHE,UCHIZA,5.401963380623657
TACNA,CANDARAVE,CAIRANI,31.230781619625414
TACNA,CANDARAVE,CAMILACA,27.55376980131555
TACNA,CANDARAVE,CANDARAVE,39.194770289794704
TACNA,CANDARAVE,CURIBAYA,45.242362076045325
TACNA,CANDARAVE,HUANUARA,38.890375210434236
TACNA,CANDARAVE,QUILAHUANI,40.008326195429206
TACNA,JORGE BASADRE,ILABAYA,13.707284732924375
TACNA,JORGE BASADRE,ITE,2.7982304315760924
TACNA,JORGE BASADRE,LOCUMBA,1.387352803296423
TACNA,TACNA,ALTO DE LA ALIANZA,1.4057994022682616
TACNA,TACNA,CALANA,1.322295201436304
TACNA,TACNA,CIUDAD NUEVA,1.1355990362032986
TACNA,TACNA,CORONEL GREGORIO ALBARRACIN LANCHIPA,0.36769073241974953
TACNA,TACNA,INCLAN,3.744335529183569
TACNA,TACNA,LA YARADA LOS PALOS,0.2012946107680808
TACNA,TACNA,PACHIA,18.453165110428667
TACNA,TACNA,PALCA,22.24210275319243
TACNA,TACNA,POCOLLAY,7.614286860916407
TACNA,TACNA,SAMA,0.5937447063591595
TACNA,TACNA,TACNA,3.3304246228209147
TACNA,TARATA,ESTIQUE,20.923940475422008
TACNA,TARATA,ESTIQUE-PAMPA,13.805154108348756
TACNA,TARATA,HEROES ALBARRACIN,31.920202052402317
TACNA,TARATA,SITAJARA,35.16384365842702
TACNA,TARATA,SUSAPAYA,42.00377819077858
TACNA,TARATA,TARATA,30.25731197442452
TACNA,TARATA,TARUCACHI,41.69422209213493
TACNA,TARATA,TICACO,41.23555575554242
TUMBES,CONTRALMIRANTE VILLAR,CANOAS DE PUNTA SAL,5.734487587925843
TUMBES,CONTRALMIRANTE VILLAR,CASITAS,5.3194828577907085
TUMBES,CONTRALMIRANTE VILLAR,ZORRITOS,4.337186189620777
TUMBES,TUMBES,CORRALES,5.735240782171772
TUMBES,TUMBES,LA CRUZ,1.8894909109299047
TUMBES,TUMBES,PAMPAS DE HOSPITAL,6.666593989709027
TUMBES,TUMBES,SAN JACINTO,11.520735858494879
TUMBES,TUMBES,SAN JUAN DE LA VIRGEN,6.8746352626246585
TUMBES,TUMBES,TUMBES,2.260177292575444
TUMBES,ZARUMILLA,AGUAS VERDES,0.49308091637570606
TUMBES,ZARUMILLA,MATAPALO,2.2039887209231264
TUMBES,ZARUMILLA,PAPAYAL,1.8072155064337427
TUMBES,ZARUMILLA,ZARUMILLA,0.5046382243090579
UCAYALI,ATALAYA,RAIMONDI,0.9050754269981955
UCAYALI,ATALAYA,SEPAHUA,0.252434333834543
UCAYALI,ATALAYA,TAHUANIA,0.4247217249154084
UCAYALI,ATALAYA,YURUA,0.17610712899477887
UCAYALI,CORONEL PORTILLO,CALLERIA,0.10740736724246283
UCAYALI,CORONEL PORTILLO,CAMPOVERDE,0.9543865507291402
UCAYALI,CORONEL PORTILLO,IPARIA,0.8511905955888399
UCAYALI,CORONEL PORTILLO,MANANTAY,0.04028477739474355
UCAYALI,CORONEL PORTILLO,MASISEA,0.05843250041113282
UCAYALI,CORONEL PORTILLO,NUEVA REQUENA,0.09962783272215742
UCAYALI,CORONEL PORTILLO,YARINACOCHA,0.23960103740498523
UCAYALI,PADRE ABAD,ALEXANDER VON HUMBOLDT,3.9002685119048732
UCAYALI,PADRE ABAD,CURIMANA,0.45618918813352577
UCAYALI,PADRE ABAD,IRAZOLA,1.0886039893201154
UCAYALI,PADRE ABAD,NESHUYA,1.4146864448580645
UCAYALI,PADRE ABAD,PADRE ABAD,7.4605388092296065
UCAYALI,PURUS,PURUS,0.2326169317028527
