Fecha,VariedadPapa,PMax,PMin,PProm,Volumen
ENE-2015,Papa Amarilla,3.0,1.1,1.72,1968.0
FEB-2015,Papa Amarilla,1.7,1.4,1.52,1290.0
MAR-2015,Papa Amarilla,2.2,1.4,1.64,1629.0
ABR-2015,Papa Amarilla,1.4,0.9,1.16,1286.0
MAY-2015,Papa Amarilla,1.6,1.0,1.23,1210.0
JUN-2015,Papa Amarilla,1.45,1.1,1.33,1409.0
JUL-2015,Papa Amarilla,2.2,1.3,1.59,1679.0
AGO-2015,Papa Amarilla,3.0,1.7,2.18,1313.0
SEP-2015,Papa Amarilla,3.5,2.6,3.02,824.0
OCT-2015,Papa Amarilla,3.4,2.7,2.93,1207.0
NOV-2015,Papa Amarilla,3.3,1.7,2.51,1658.0
DIC-2015,Papa Amarilla,2.9,1.9,2.19,3469.0
ENE-2016,Papa Amarilla,3.0,2.2,2.73,1145.0
FEB-2016,Papa Amarilla,2.1,1.3,1.84,3440.0
MAR-2016,Papa Amarilla,2.1,1.3,1.59,3292.0
ABR-2016,Papa Amarilla,1.9,1.4,1.62,2484.0
MAY-2016,Papa Amarilla,1.7,1.4,1.58,2121.0
JUN-2016,Papa Amarilla,1.9,1.3,1.56,2315.0
JUL-2016,Papa Amarilla,3.2,1.9,2.33,2550.0
AGO-2016,Papa Amarilla,3.8,2.7,3.32,2060.0
SEP-2016,Papa Amarilla,3.3,2.9,3.1,2514.0
OCT-2016,Papa Amarilla,3.1,2.2,2.66,2802.0
NOV-2016,Papa Amarilla,3.0,1.9,2.45,3705.0
DIC-2016,Papa Amarilla,2.6,1.7,2.18,3563.0
ENE-2017,Papa Amarilla,2.3,1.6,1.95,2789.0
FEB-2017,Papa Amarilla,2.6,1.6,2.06,1912.0
MAR-2017,Papa Amarilla,3.0,1.2,2.08,2426.0
ABR-2017,Papa Amarilla,2.0,1.2,1.61,2802.0
MAY-2017,Papa Amarilla,1.6,1.1,1.43,2641.0
JUN-2017,Papa Amarilla,1.6,1.2,1.34,2842.0
JUL-2017,Papa Amarilla,1.6,1.2,1.38,2813.0
AGO-2017,Papa Amarilla,1.7,1.2,1.43,3267.0
SEP-2017,Papa Amarilla,1.6,1.2,1.44,3271.0
OCT-2017,Papa Amarilla,1.3,0.8,1.05,4092.0
NOV-2017,Papa Amarilla,1.3,0.9,1.09,4369.0
DIC-2017,Papa Amarilla,1.8,0.9,1.27,4356.0
ENE-2018,Papa Amarilla,2.8,1.2,1.64,3808.0
FEB-2018,Papa Amarilla,2.9,0.9,1.66,3116.0
MAR-2018,Papa Amarilla,2.2,1.1,1.44,3754.0
ABR-2018,Papa Amarilla,1.4,1.0,1.2,2687.0
MAY-2018,Papa Amarilla,1.4,1.0,1.23,3025.0
JUN-2018,Papa Amarilla,2.0,1.4,1.71,1740.0
JUL-2018,Papa Amarilla,2.8,1.6,1.96,1830.0
AGO-2018,Papa Amarilla,2.8,1.9,2.38,2215.0
SEP-2018,Papa Amarilla,3.3,2.0,2.45,2114.0
OCT-2018,Papa Amarilla,2.8,2.0,2.48,2035.0
NOV-2018,Papa Amarilla,2.9,2.0,2.51,2739.0
DIC-2018,Papa Amarilla,3.7,2.5,3.06,3180.0
ENE-2019,Papa Amarilla,3.2,2.1,2.67,4582.0
FEB-2019,Papa Amarilla,2.3,1.6,1.95,2742.0
MAR-2019,Papa Amarilla,2.6,1.8,2.17,2585.0
ABR-2019,Papa Amarilla,2.8,1.2,2.13,2580.0
MAY-2019,Papa Amarilla,2.2,1.4,1.82,2695.0
JUN-2019,Papa Amarilla,1.9,1.3,1.55,2509.0
JUL-2019,Papa Amarilla,2.0,1.6,1.73,3130.0
AGO-2019,Papa Amarilla,2.3,1.6,1.92,3221.0
SEP-2019,Papa Amarilla,2.4,2.0,2.28,3617.0
OCT-2019,Papa Amarilla,2.6,2.1,2.34,3787.0
NOV-2019,Papa Amarilla,3.2,2.3,2.6,3818.0
DIC-2019,Papa Amarilla,2.7,2.2,2.46,3907.0
ENE-2020,Papa Amarilla,2.4,1.4,1.74,4348.0
FEB-2020,Papa Amarilla,2.0,1.2,1.69,4655.0
MAR-2020,Papa Amarilla,1.9,1.0,1.39,4826.0
ABR-2020,Papa Amarilla,2.0,0.9,1.49,2100.0
MAY-2020,Papa Amarilla,2.0,1.0,1.18,1403.0
JUN-2020,Papa Amarilla,1.6,1.0,1.23,1684.0
JUL-2020,Papa Amarilla,2.3,1.4,1.82,1650.0
AGO-2020,Papa Amarilla,2.5,1.8,2.21,1998.0
SEP-2020,Papa Amarilla,2.8,2.0,2.24,2911.0
OCT-2020,Papa Amarilla,2.2,1.5,1.83,3097.0
NOV-2020,Papa Amarilla,1.8,1.5,1.65,3033.0
DIC-2020,Papa Amarilla,2.2,1.5,1.77,3110.0
ENE-2021,Papa Amarilla,2.3,1.8,2.09,4154.0
FEB-2021,Papa Amarilla,2.6,2.0,2.25,2352.0
MAR-2021,Papa Amarilla,2.9,1.8,2.24,4345.0
ABR-2021,Papa Amarilla,2.3,1.4,1.91,4952.0
MAY-2021,Papa Amarilla,1.9,1.3,1.67,4215.0
JUN-2021,Papa Amarilla,1.8,1.2,1.45,2774.0
JUL-2021,Papa Amarilla,1.7,1.2,1.47,2318.0
AGO-2021,Papa Amarilla,1.8,1.4,1.65,2596.0
SEP-2021,Papa Amarilla,1.8,1.2,1.48,3164.0
OCT-2021,Papa Amarilla,1.4,0.8,1.15,4669.0
NOV-2021,Papa Amarilla,1.7,1.1,1.4,3294.0
DIC-2021,Papa Amarilla,2.1,1.2,1.68,5265.0
ENE-2022,Papa Amarilla,2.2,1.8,2.05,3093.0
FEB-2022,Papa Amarilla,2.5,2.0,2.23,4993.0
MAR-2022,Papa Amarilla,2.2,1.5,1.94,5792.0
ABR-2022,Papa Amarilla,2.2,1.4,1.73,4686.0
MAY-2022,Papa Amarilla,2.4,1.4,1.83,5550.0
JUN-2022,Papa Amarilla,4.0,1.8,2.92,5581.0
JUL-2022,Papa Amarilla,4.8,2.3,3.46,2751.0
AGO-2022,Papa Amarilla,4.0,3.3,3.64,3087.0
SEP-2022,Papa Amarilla,5.5,3.6,4.73,3284.0
OCT-2022,Papa Amarilla,5.0,2.8,3.82,2659.0
NOV-2022,Papa Amarilla,5.4,3.8,4.6,2729.0
DIC-2022,Papa Amarilla,6.2,3.3,5.19,3734.0
ENE-2023,Papa Amarilla,4.4,2.5,3.59,3703.0
FEB-2023,Papa Amarilla,3.0,2.0,2.52,3654.0
MAR-2023,Papa Amarilla,3.5,1.8,2.43,5745.0
ABR-2023,Papa Amarilla,3.0,1.8,2.28,5110.0
MAY-2023,Papa Amarilla,2.5,1.5,1.85,3348.0
JUN-2023,Papa Amarilla,2.2,1.2,1.53,3348.0
JUL-2023,Papa Amarilla,2.5,1.3,1.9,2965.0
AGO-2023,Papa Amarilla,3.3,1.8,2.46,3905.0
SEP-2023,Papa Amarilla,4.5,3.1,3.69,3823.0
OCT-2023,Papa Amarilla,4.5,3.3,3.85,2684.0
NOV-2023,Papa Amarilla,4.8,3.3,4.17,3013.0
DIC-2023,Papa Amarilla,4.5,2.8,3.61,2499.0
ENE-2024,Papa Amarilla,4.5,2.3,3.2,2651.0
FEB-2024,Papa Amarilla,2.6,1.8,2.31,2226.0
MAR-2024,Papa Amarilla,2.5,1.6,2.06,2675.0
ABR-2024,Papa Amarilla,2.0,1.5,1.78,2273.0
MAY-2024,Papa Amarilla,3.0,1.6,2.24,1792.0
JUN-2024,Papa Amarilla,3.4,2.6,3.04,1329.0
JUL-2024,Papa Amarilla,4.0,3.1,3.5,1304.0
AGO-2024,Papa Amarilla,4.5,3.7,4.2,1421.0
SEP-2024,Papa Amarilla,4.0,2.6,3.2,1587.0
OCT-2024,Papa Amarilla,3.1,1.7,2.54,2709.0
NOV-2024,Papa Amarilla,2.8,1.6,2.21,2359.0
DIC-2024,Papa Amarilla,2.2,1.6,1.95,2104.0
ENE-2015,Papa Blanca,2.15,0.8,1.03,32700.0
FEB-2015,Papa Blanca,1.3,1.03,1.15,33062.0
MAR-2015,Papa Blanca,1.45,0.98,1.12,36114.0
ABR-2015,Papa Blanca,1.1,0.6,0.82,34342.0
MAY-2015,Papa Blanca,0.78,0.55,0.64,34938.0
JUN-2015,Papa Blanca,0.7,0.53,0.61,32901.0
JUL-2015,Papa Blanca,0.8,0.6,0.7,39694.0
AGO-2015,Papa Blanca,0.82,0.63,0.74,35977.0
SEP-2015,Papa Blanca,1.0,0.73,0.89,34087.0
OCT-2015,Papa Blanca,1.4,0.95,1.2,33281.0
NOV-2015,Papa Blanca,2.0,1.23,1.7,27958.0
DIC-2015,Papa Blanca,2.25,1.55,1.82,25035.0
ENE-2016,Papa Blanca,2.15,1.91,2.09,8820.0
FEB-2016,Papa Blanca,1.75,0.95,1.52,23816.0
MAR-2016,Papa Blanca,1.35,0.65,0.91,27021.0
ABR-2016,Papa Blanca,0.85,0.6,0.72,21576.0
MAY-2016,Papa Blanca,0.84,0.6,0.71,18230.0
JUN-2016,Papa Blanca,1.1,0.6,0.84,21908.0
JUL-2016,Papa Blanca,1.35,0.98,1.16,26632.0
AGO-2016,Papa Blanca,1.35,0.98,1.19,18586.0
SEP-2016,Papa Blanca,2.45,1.33,1.78,18900.0
OCT-2016,Papa Blanca,1.98,1.25,1.61,18907.0
NOV-2016,Papa Blanca,1.6,1.1,1.4,17136.0
DIC-2016,Papa Blanca,1.7,0.9,1.42,23055.0
ENE-2017,Papa Blanca,1.25,0.7,1.01,27126.0
FEB-2017,Papa Blanca,1.1,0.8,0.93,27026.0
MAR-2017,Papa Blanca,1.1,0.5,0.83,29114.0
ABR-2017,Papa Blanca,0.71,0.5,0.63,24047.0
MAY-2017,Papa Blanca,0.8,0.58,0.68,17759.0
JUN-2017,Papa Blanca,0.8,0.5,0.65,20801.0
JUL-2017,Papa Blanca,0.8,0.55,0.67,27215.0
AGO-2017,Papa Blanca,0.73,0.53,0.61,21038.0
SEP-2017,Papa Blanca,0.63,0.48,0.54,22319.0
OCT-2017,Papa Blanca,0.6,0.4,0.49,22004.0
NOV-2017,Papa Blanca,0.63,0.4,0.52,22401.0
DIC-2017,Papa Blanca,0.55,0.28,0.42,23065.0
ENE-2018,Papa Blanca,0.55,0.28,0.44,27974.0
FEB-2018,Papa Blanca,0.7,0.4,0.56,25572.0
MAR-2018,Papa Blanca,0.8,0.6,0.73,30204.0
ABR-2018,Papa Blanca,0.83,0.63,0.71,28658.0
MAY-2018,Papa Blanca,0.88,0.65,0.76,28675.0
JUN-2018,Papa Blanca,0.78,0.63,0.71,28996.0
JUL-2018,Papa Blanca,0.9,0.65,0.75,29600.0
AGO-2018,Papa Blanca,1.15,0.75,0.91,26636.0
SEP-2018,Papa Blanca,1.3,0.85,1.03,28439.0
OCT-2018,Papa Blanca,1.3,0.75,1.0,30123.0
NOV-2018,Papa Blanca,0.9,0.6,0.77,29188.0
DIC-2018,Papa Blanca,1.08,0.7,0.92,31785.0
ENE-2019,Papa Blanca,1.5,0.98,1.2,25453.0
FEB-2019,Papa Blanca,1.48,0.95,1.26,24535.0
MAR-2019,Papa Blanca,1.65,1.0,1.36,31400.0
ABR-2019,Papa Blanca,1.5,0.9,1.16,31535.0
MAY-2019,Papa Blanca,1.2,0.8,0.95,25842.0
JUN-2019,Papa Blanca,1.25,0.83,1.03,27113.0
JUL-2019,Papa Blanca,1.35,0.9,1.13,27059.0
AGO-2019,Papa Blanca,1.3,0.98,1.12,29493.0
SEP-2019,Papa Blanca,1.6,1.15,1.47,26554.0
OCT-2019,Papa Blanca,1.6,1.3,1.49,27041.0
NOV-2019,Papa Blanca,1.7,1.25,1.52,21863.0
DIC-2019,Papa Blanca,1.6,0.8,1.17,30937.0
ENE-2020,Papa Blanca,1.05,0.55,0.75,31963.0
FEB-2020,Papa Blanca,0.83,0.5,0.64,30206.0
MAR-2020,Papa Blanca,1.0,0.4,0.65,33081.0
ABR-2020,Papa Blanca,1.0,0.4,0.68,32644.0
MAY-2020,Papa Blanca,0.65,0.4,0.5,32147.0
JUN-2020,Papa Blanca,0.7,0.35,0.53,34789.0
JUL-2020,Papa Blanca,0.6,0.4,0.48,39968.0
AGO-2020,Papa Blanca,0.7,0.4,0.54,40690.0
SEP-2020,Papa Blanca,0.7,0.4,0.59,39218.0
OCT-2020,Papa Blanca,0.65,0.4,0.55,40380.0
NOV-2020,Papa Blanca,0.65,0.4,0.52,36517.0
DIC-2020,Papa Blanca,0.75,0.45,0.64,43649.0
ENE-2021,Papa Blanca,0.8,0.5,0.69,42499.0
FEB-2021,Papa Blanca,0.75,0.4,0.61,34756.0
MAR-2021,Papa Blanca,1.35,0.6,0.77,42091.0
ABR-2021,Papa Blanca,1.0,0.65,0.82,39204.0
MAY-2021,Papa Blanca,0.9,0.65,0.78,40372.0
JUN-2021,Papa Blanca,0.95,0.7,0.83,41257.0
JUL-2021,Papa Blanca,1.1,0.8,0.92,43395.0
AGO-2021,Papa Blanca,1.25,0.8,1.02,42069.0
SEP-2021,Papa Blanca,1.3,1.0,1.13,45035.0
OCT-2021,Papa Blanca,1.3,0.9,1.08,46490.0
NOV-2021,Papa Blanca,1.2,0.95,1.08,43585.0
DIC-2021,Papa Blanca,1.2,0.9,1.06,46876.0
ENE-2022,Papa Blanca,1.4,0.9,1.12,39959.0
FEB-2022,Papa Blanca,1.7,1.1,1.32,40921.0
MAR-2022,Papa Blanca,1.5,1.0,1.14,38646.0
ABR-2022,Papa Blanca,2.05,0.9,1.26,42200.0
MAY-2022,Papa Blanca,1.2,0.9,1.04,39201.0
JUN-2022,Papa Blanca,2.7,0.95,1.36,34414.0
JUL-2022,Papa Blanca,1.7,1.0,1.38,44100.0
AGO-2022,Papa Blanca,2.0,1.2,1.46,34132.0
SEP-2022,Papa Blanca,2.3,1.7,1.93,29839.0
OCT-2022,Papa Blanca,2.5,1.3,1.79,31260.0
NOV-2022,Papa Blanca,2.2,1.4,1.68,28597.0
DIC-2022,Papa Blanca,3.0,1.8,2.27,33457.0
ENE-2023,Papa Blanca,2.5,1.6,2.08,36363.0
FEB-2023,Papa Blanca,1.8,1.1,1.48,34919.0
MAR-2023,Papa Blanca,1.3,0.8,1.06,41000.0
ABR-2023,Papa Blanca,1.1,0.6,0.89,38782.0
MAY-2023,Papa Blanca,0.95,0.65,0.82,44376.0
JUN-2023,Papa Blanca,1.0,0.6,0.78,38825.0
JUL-2023,Papa Blanca,1.5,0.6,0.81,38466.0
AGO-2023,Papa Blanca,0.85,0.6,0.72,40050.0
SEP-2023,Papa Blanca,0.9,0.6,0.77,40511.0
OCT-2023,Papa Blanca,1.1,0.65,0.9,42733.0
NOV-2023,Papa Blanca,1.4,1.0,1.19,42121.0
DIC-2023,Papa Blanca,1.8,1.1,1.37,48638.0
ENE-2024,Papa Blanca,1.5,0.7,1.09,44683.0
FEB-2024,Papa Blanca,1.1,0.7,0.88,45221.0
MAR-2024,Papa Blanca,1.2,0.8,0.91,48524.0
ABR-2024,Papa Blanca,1.1,0.65,0.92,48874.0
MAY-2024,Papa Blanca,1.1,0.8,1.0,49394.0
JUN-2024,Papa Blanca,1.4,0.85,1.1,46392.0
JUL-2024,Papa Blanca,1.8,1.2,1.4,49096.0
AGO-2024,Papa Blanca,2.3,1.6,1.98,48072.0
SEP-2024,Papa Blanca,2.3,1.9,2.17,43960.0
OCT-2024,Papa Blanca,2.5,1.3,2.01,46880.0
NOV-2024,Papa Blanca,1.8,1.1,1.44,48780.0
DIC-2024,Papa Blanca,1.2,0.8,0.96,49631.0
ENE-2015,Papa Canchan,2.5,1.1,1.33,876.0
FEB-2015,Papa Canchan,1.6,1.3,1.46,282.0
MAR-2015,Papa Canchan,1.4,1.0,1.18,1055.0
ABR-2015,Papa Canchan,1.1,0.7,0.9,1435.0
MAY-2015,Papa Canchan,0.9,0.65,0.81,1456.0
JUN-2015,Papa Canchan,0.9,0.7,0.78,1478.0
JUL-2015,Papa Canchan,1.1,0.8,0.92,1405.0
AGO-2015,Papa Canchan,1.1,0.8,0.99,990.0
SEP-2015,Papa Canchan,1.1,0.75,0.95,1202.0
OCT-2015,Papa Canchan,1.45,1.0,1.13,1211.0
NOV-2015,Papa Canchan,1.75,1.3,1.54,1381.0
DIC-2015,Papa Canchan,2.3,1.5,1.92,1985.0
ENE-2016,Papa Canchan,2.5,2.03,2.26,904.0
FEB-2016,Papa Canchan,1.9,1.1,1.56,4359.0
MAR-2016,Papa Canchan,1.4,0.75,0.96,5873.0
ABR-2016,Papa Canchan,1.0,0.65,0.86,6493.0
MAY-2016,Papa Canchan,1.0,0.65,0.85,8008.0
JUN-2016,Papa Canchan,1.25,0.75,1.03,5997.0
JUL-2016,Papa Canchan,1.8,1.15,1.44,3555.0
AGO-2016,Papa Canchan,1.6,1.1,1.31,5250.0
SEP-2016,Papa Canchan,2.0,1.1,1.48,8480.0
OCT-2016,Papa Canchan,1.55,1.2,1.4,7463.0
NOV-2016,Papa Canchan,1.8,1.2,1.51,6841.0
DIC-2016,Papa Canchan,1.85,1.3,1.6,7938.0
ENE-2017,Papa Canchan,1.4,0.9,1.21,7053.0
FEB-2017,Papa Canchan,1.1,0.85,0.95,6990.0
MAR-2017,Papa Canchan,1.2,0.6,0.93,7011.0
ABR-2017,Papa Canchan,1.0,0.6,0.85,7663.0
MAY-2017,Papa Canchan,0.95,0.7,0.82,8767.0
JUN-2017,Papa Canchan,1.0,0.7,0.87,6090.0
JUL-2017,Papa Canchan,1.0,0.6,0.77,6137.0
AGO-2017,Papa Canchan,0.9,0.6,0.74,6680.0
SEP-2017,Papa Canchan,0.8,0.6,0.7,6816.0
OCT-2017,Papa Canchan,0.8,0.5,0.66,7448.0
NOV-2017,Papa Canchan,0.85,0.5,0.66,6069.0
DIC-2017,Papa Canchan,0.7,0.5,0.61,5572.0
ENE-2018,Papa Canchan,0.65,0.4,0.53,4348.0
FEB-2018,Papa Canchan,0.8,0.5,0.65,4959.0
MAR-2018,Papa Canchan,0.85,0.65,0.73,6620.0
ABR-2018,Papa Canchan,0.9,0.68,0.78,8645.0
MAY-2018,Papa Canchan,0.9,0.7,0.82,7666.0
JUN-2018,Papa Canchan,0.95,0.75,0.85,6715.0
JUL-2018,Papa Canchan,1.05,0.65,0.83,4716.0
AGO-2018,Papa Canchan,1.2,0.85,1.03,4615.0
SEP-2018,Papa Canchan,1.2,0.8,1.03,4170.0
OCT-2018,Papa Canchan,1.05,0.7,0.84,3827.0
NOV-2018,Papa Canchan,1.1,0.65,0.94,2702.0
DIC-2018,Papa Canchan,1.1,0.7,0.9,2526.0
ENE-2019,Papa Canchan,1.3,0.8,1.11,1957.0
FEB-2019,Papa Canchan,1.7,1.2,1.47,2543.0
MAR-2019,Papa Canchan,1.7,1.2,1.52,1825.0
ABR-2019,Papa Canchan,1.65,1.0,1.34,3738.0
MAY-2019,Papa Canchan,1.3,0.9,1.04,5765.0
JUN-2019,Papa Canchan,1.6,1.0,1.21,5949.0
JUL-2019,Papa Canchan,1.8,1.4,1.6,4623.0
AGO-2019,Papa Canchan,1.5,1.3,1.39,2244.0
SEP-2019,Papa Canchan,1.65,1.3,1.51,3689.0
OCT-2019,Papa Canchan,1.7,1.2,1.47,3420.0
NOV-2019,Papa Canchan,1.6,1.15,1.38,2958.0
DIC-2019,Papa Canchan,1.4,0.9,1.11,2532.0
ENE-2020,Papa Canchan,1.2,0.7,0.92,3018.0
FEB-2020,Papa Canchan,1.1,0.65,0.86,4058.0
MAR-2020,Papa Canchan,1.0,0.5,0.73,4548.0
ABR-2020,Papa Canchan,1.1,0.5,0.75,3153.0
MAY-2020,Papa Canchan,0.8,0.45,0.58,2602.0
JUN-2020,Papa Canchan,0.8,0.5,0.62,1477.0
JUL-2020,Papa Canchan,0.7,0.5,0.61,1688.0
AGO-2020,Papa Canchan,0.8,0.5,0.66,984.0
SEP-2020,Papa Canchan,0.65,0.5,0.55,1178.0
OCT-2020,Papa Canchan,0.6,0.35,0.49,2326.0
NOV-2020,Papa Canchan,0.6,0.35,0.47,1107.0
DIC-2020,Papa Canchan,0.7,0.4,0.56,2245.0
ENE-2021,Papa Canchan,1.05,0.55,0.76,1810.0
FEB-2021,Papa Canchan,1.05,0.75,0.91,1831.0
MAR-2021,Papa Canchan,1.85,0.8,1.17,1382.0
ABR-2021,Papa Canchan,1.6,1.2,1.41,1235.0
MAY-2021,Papa Canchan,1.5,1.1,1.29,839.0
JUN-2021,Papa Canchan,1.6,1.2,1.37,933.0
JUL-2021,Papa Canchan,1.5,1.2,1.37,1142.0
AGO-2021,Papa Canchan,1.5,1.0,1.24,934.0
SEP-2021,Papa Canchan,1.4,0.9,1.13,844.0
OCT-2021,Papa Canchan,1.2,0.8,0.94,516.0
NOV-2021,Papa Canchan,1.15,0.8,0.99,1025.0
DIC-2021,Papa Canchan,1.15,0.8,1.0,1008.0
ENE-2022,Papa Canchan,1.4,0.9,1.11,361.0
FEB-2022,Papa Canchan,1.8,1.2,1.51,3517.0
MAR-2022,Papa Canchan,1.5,1.1,1.33,4345.0
ABR-2022,Papa Canchan,1.6,1.0,1.29,5233.0
MAY-2022,Papa Canchan,1.4,0.9,1.15,4665.0
JUN-2022,Papa Canchan,2.0,0.95,1.26,4238.0
JUL-2022,Papa Canchan,1.5,1.1,1.35,1261.0
AGO-2022,Papa Canchan,1.65,1.2,1.43,3817.0
SEP-2022,Papa Canchan,2.45,1.2,1.74,6018.0
OCT-2022,Papa Canchan,2.5,1.3,2.04,5799.0
NOV-2022,Papa Canchan,2.2,1.75,1.89,4644.0
DIC-2022,Papa Canchan,2.3,1.8,2.02,4760.0
ENE-2023,Papa Canchan,2.3,1.8,2.06,5270.0
FEB-2023,Papa Canchan,2.2,1.6,1.8,4671.0
MAR-2023,Papa Canchan,1.8,1.1,1.45,5268.0
ABR-2023,Papa Canchan,1.7,0.9,1.3,5072.0
MAY-2023,Papa Canchan,1.5,1.1,1.25,5079.0
JUN-2023,Papa Canchan,1.3,0.9,1.13,3537.0
JUL-2023,Papa Canchan,1.3,0.9,1.07,3264.0
AGO-2023,Papa Canchan,1.3,0.95,1.11,1192.0
SEP-2023,Papa Canchan,1.4,1.0,1.19,2575.0
OCT-2023,Papa Canchan,1.5,1.0,1.28,2028.0
NOV-2023,Papa Canchan,1.8,1.3,1.55,1877.0
DIC-2023,Papa Canchan,1.8,1.2,1.57,1433.0
ENE-2024,Papa Canchan,1.65,0.8,1.29,927.0
FEB-2024,Papa Canchan,1.1,0.7,0.92,1643.0
MAR-2024,Papa Canchan,1.1,0.7,0.95,1798.0
ABR-2024,Papa Canchan,1.1,0.8,0.93,1657.0
MAY-2024,Papa Canchan,1.2,0.9,1.02,2007.0
JUN-2024,Papa Canchan,1.4,0.9,1.16,1860.0
JUL-2024,Papa Canchan,2.0,1.3,1.54,1631.0
AGO-2024,Papa Canchan,2.4,1.5,2.01,1012.0
SEP-2024,Papa Canchan,1.7,1.2,1.48,1098.0
OCT-2024,Papa Canchan,1.35,0.8,1.18,1309.0
NOV-2024,Papa Canchan,1.2,0.8,1.01,1300.0
DIC-2024,Papa Canchan,1.0,0.5,0.66,4114.0
ENE-2015,Papa Color,2.35,1.05,1.31,5572.0
FEB-2015,Papa Color,1.53,1.25,1.39,6823.0
MAR-2015,Papa Color,1.33,1.0,1.18,7463.0
ABR-2015,Papa Color,1.08,0.65,0.85,6999.0
MAY-2015,Papa Color,0.85,0.65,0.78,4803.0
JUN-2015,Papa Color,0.88,0.69,0.75,4642.0
JUL-2015,Papa Color,1.03,0.8,0.91,1261.0
AGO-2015,Papa Color,1.05,0.75,0.91,4172.0
SEP-2015,Papa Color,1.0,0.75,0.88,4581.0
OCT-2015,Papa Color,1.3,0.95,1.05,4962.0
NOV-2015,Papa Color,1.68,1.18,1.47,4569.0
DIC-2015,Papa Color,2.2,1.48,1.88,5575.0
ENE-2016,Papa Color,2.35,2.04,2.22,1885.0
FEB-2016,Papa Color,1.9,1.13,1.63,4867.0
MAR-2016,Papa Color,1.38,0.73,0.94,4536.0
ABR-2016,Papa Color,0.98,0.65,0.85,5511.0
MAY-2016,Papa Color,1.03,0.65,0.86,4968.0
JUN-2016,Papa Color,1.3,0.85,1.08,4807.0
JUL-2016,Papa Color,1.7,1.15,1.48,1969.0
AGO-2016,Papa Color,1.53,1.05,1.2,6331.0
SEP-2016,Papa Color,1.98,1.08,1.46,4028.0
OCT-2016,Papa Color,1.55,1.18,1.41,4077.0
NOV-2016,Papa Color,1.7,1.2,1.43,2904.0
DIC-2016,Papa Color,1.9,1.5,1.64,4022.0
ENE-2017,Papa Color,1.63,1.1,1.39,4611.0
FEB-2017,Papa Color,1.25,0.93,1.06,3659.0
MAR-2017,Papa Color,1.15,0.6,0.91,4713.0
ABR-2017,Papa Color,1.0,0.6,0.82,5713.0
MAY-2017,Papa Color,0.93,0.68,0.81,4865.0
JUN-2017,Papa Color,1.0,0.75,0.84,4474.0
JUL-2017,Papa Color,0.95,0.6,0.81,1885.0
AGO-2017,Papa Color,0.9,0.6,0.74,5588.0
SEP-2017,Papa Color,0.73,0.58,0.65,3639.0
OCT-2017,Papa Color,0.78,0.45,0.63,4365.0
NOV-2017,Papa Color,0.68,0.45,0.57,4603.0
DIC-2017,Papa Color,0.6,0.38,0.48,7385.0
ENE-2018,Papa Color,0.51,0.33,0.41,5543.0
FEB-2018,Papa Color,0.75,0.45,0.62,4394.0
MAR-2018,Papa Color,0.8,0.63,0.71,5588.0
ABR-2018,Papa Color,0.85,0.64,0.75,4142.0
MAY-2018,Papa Color,0.9,0.67,0.8,5031.0
JUN-2018,Papa Color,0.9,0.75,0.83,4286.0
JUL-2018,Papa Color,0.98,0.7,0.81,5296.0
AGO-2018,Papa Color,1.08,0.84,0.96,6831.0
SEP-2018,Papa Color,1.1,0.8,0.98,7628.0
OCT-2018,Papa Color,1.02,0.68,0.79,5533.0
NOV-2018,Papa Color,0.95,0.63,0.81,4953.0
DIC-2018,Papa Color,0.98,0.65,0.85,3942.0
ENE-2019,Papa Color,1.35,0.75,1.09,7102.0
FEB-2019,Papa Color,1.75,1.25,1.55,8569.0
MAR-2019,Papa Color,1.7,1.15,1.47,9257.0
ABR-2019,Papa Color,1.63,0.98,1.3,8355.0
MAY-2019,Papa Color,1.2,0.88,1.01,3829.0
JUN-2019,Papa Color,1.6,0.98,1.15,3129.0
JUL-2019,Papa Color,1.75,1.15,1.52,5149.0
AGO-2019,Papa Color,1.45,1.2,1.31,3995.0
SEP-2019,Papa Color,1.63,1.3,1.48,2631.0
OCT-2019,Papa Color,1.65,1.05,1.41,4695.0
NOV-2019,Papa Color,1.4,1.08,1.24,3948.0
DIC-2019,Papa Color,1.23,0.9,1.01,1949.0
ENE-2020,Papa Color,1.13,0.7,0.91,4226.0
FEB-2020,Papa Color,1.1,0.7,0.93,4396.0
MAR-2020,Papa Color,1.05,0.48,0.73,3052.0
ABR-2020,Papa Color,1.1,0.45,0.66,4052.0
MAY-2020,Papa Color,0.68,0.43,0.51,3656.0
JUN-2020,Papa Color,0.73,0.5,0.6,4525.0
JUL-2020,Papa Color,0.7,0.45,0.59,2797.0
AGO-2020,Papa Color,0.7,0.45,0.57,2022.0
SEP-2020,Papa Color,0.6,0.4,0.48,1456.0
OCT-2020,Papa Color,0.58,0.33,0.46,2156.0
NOV-2020,Papa Color,0.53,0.35,0.43,1850.0
DIC-2020,Papa Color,0.65,0.35,0.51,1252.0
ENE-2021,Papa Color,0.9,0.53,0.8,1550.0
FEB-2021,Papa Color,1.0,0.8,0.92,2125.0
MAR-2021,Papa Color,1.9,0.83,1.29,2108.0
ABR-2021,Papa Color,1.55,1.2,1.37,3482.0
MAY-2021,Papa Color,1.5,1.15,1.29,1589.0
JUN-2021,Papa Color,1.6,1.2,1.39,1467.0
JUL-2021,Papa Color,1.6,1.23,1.44,1973.0
AGO-2021,Papa Color,1.5,1.08,1.25,2535.0
SEP-2021,Papa Color,1.25,1.0,1.13,912.0
OCT-2021,Papa Color,1.2,0.75,0.86,2093.0
NOV-2021,Papa Color,0.98,0.75,0.87,2190.0
DIC-2021,Papa Color,1.15,0.8,1.01,3074.0
ENE-2022,Papa Color,1.5,0.95,1.13,4567.0
FEB-2022,Papa Color,1.85,1.3,1.66,3215.0
MAR-2022,Papa Color,1.7,1.25,1.49,4253.0
ABR-2022,Papa Color,1.85,1.1,1.44,3195.0
MAY-2022,Papa Color,1.6,1.13,1.41,1569.0
JUN-2022,Papa Color,2.1,1.25,1.5,1644.0
JUL-2022,Papa Color,1.75,1.33,1.48,2442.0
AGO-2022,Papa Color,1.55,1.23,1.38,1865.0
SEP-2022,Papa Color,2.4,1.3,1.73,1618.0
OCT-2022,Papa Color,2.48,1.3,1.9,2159.0
NOV-2022,Papa Color,2.0,1.7,1.86,1599.0
DIC-2022,Papa Color,2.13,1.68,1.96,775.0
ENE-2023,Papa Color,2.3,1.85,2.03,277.0
FEB-2023,Papa Color,2.35,1.9,2.09,681.0
MAR-2023,Papa Color,2.05,1.3,1.62,495.0
ABR-2023,Papa Color,1.65,1.1,1.32,620.0
MAY-2023,Papa Color,1.55,1.1,1.3,409.0
JUN-2023,Papa Color,1.4,1.0,1.18,431.0
JUL-2023,Papa Color,1.43,0.85,1.16,569.0
AGO-2023,Papa Color,1.25,1.0,1.13,214.0
SEP-2023,Papa Color,1.4,1.05,1.19,229.0
OCT-2023,Papa Color,1.4,1.0,1.23,179.0
NOV-2023,Papa Color,1.58,1.3,1.43,133.0
DIC-2023,Papa Color,1.6,1.23,1.38,117.0
ENE-2024,Papa Color,1.53,0.95,1.15,612.0
FEB-2024,Papa Color,1.18,0.95,1.06,955.0
MAR-2024,Papa Color,1.35,1.0,1.15,1377.0
ABR-2024,Papa Color,1.3,1.0,1.16,1770.0
MAY-2024,Papa Color,1.4,1.05,1.25,213.0
JUN-2024,Papa Color,1.7,1.2,1.45,210.0
JUL-2024,Papa Color,1.85,1.5,1.65,355.0
AGO-2024,Papa Color,2.05,1.35,1.79,566.0
SEP-2024,Papa Color,1.5,1.25,1.39,420.0
OCT-2024,Papa Color,1.25,0.75,1.04,227.0
NOV-2024,Papa Color,0.98,0.68,0.86,597.0
DIC-2024,Papa Color,0.83,0.48,0.65,573.0
ENE-2015,Papa Huamantanga,2.2,0.7,1.17,0.0
FEB-2015,Papa Huamantanga,1.3,0.9,1.06,0.0
MAR-2015,Papa Huamantanga,1.5,0.9,1.13,0.0
ABR-2015,Papa Huamantanga,1.2,0.95,1.08,0.0
MAY-2015,Papa Huamantanga,1.1,0.85,1.02,0.0
JUN-2015,Papa Huamantanga,1.05,0.8,0.88,0.0
JUL-2015,Papa Huamantanga,1.2,1.0,1.08,0.0
AGO-2015,Papa Huamantanga,1.25,1.0,1.08,2.0
SEP-2015,Papa Huamantanga,2.0,1.0,1.65,0.0
OCT-2015,Papa Huamantanga,2.3,1.5,1.94,0.0
NOV-2015,Papa Huamantanga,3.0,1.5,2.27,0.0
DIC-2015,Papa Huamantanga,2.5,1.3,1.44,37.0
ENE-2016,Papa Huamantanga,2.2,1.88,2.02,0.0
FEB-2016,Papa Huamantanga,1.6,1.1,1.41,0.0
MAR-2016,Papa Huamantanga,1.4,0.95,1.12,0.0
ABR-2016,Papa Huamantanga,1.2,0.9,1.04,10.0
MAY-2016,Papa Huamantanga,1.2,0.9,1.05,0.0
JUN-2016,Papa Huamantanga,1.4,0.9,1.15,0.0
JUL-2016,Papa Huamantanga,1.8,1.45,1.65,0.0
AGO-2016,Papa Huamantanga,2.2,1.6,1.79,0.0
SEP-2016,Papa Huamantanga,3.0,2.4,2.63,13.0
OCT-2016,Papa Huamantanga,2.7,1.7,1.96,17.0
NOV-2016,Papa Huamantanga,2.7,1.6,1.85,12.0
DIC-2016,Papa Huamantanga,2.3,1.4,1.63,34.0
ENE-2017,Papa Huamantanga,1.9,1.0,1.08,22.0
FEB-2017,Papa Huamantanga,1.5,1.1,1.44,20.0
MAR-2017,Papa Huamantanga,1.8,1.0,1.22,12.0
ABR-2017,Papa Huamantanga,1.4,1.0,1.23,0.0
MAY-2017,Papa Huamantanga,1.4,1.0,1.2,0.0
JUN-2017,Papa Huamantanga,1.4,1.0,1.16,16.0
JUL-2017,Papa Huamantanga,1.5,1.2,1.39,81.0
AGO-2017,Papa Huamantanga,1.4,1.1,1.26,14.0
SEP-2017,Papa Huamantanga,1.4,1.2,1.35,11.0
OCT-2017,Papa Huamantanga,1.5,0.8,1.15,0.0
NOV-2017,Papa Huamantanga,1.2,0.8,0.96,9.0
DIC-2017,Papa Huamantanga,1.2,0.8,1.01,16.0
ENE-2018,Papa Huamantanga,1.8,1.0,1.15,3.0
FEB-2018,Papa Huamantanga,1.6,0.9,1.19,0.0
MAR-2018,Papa Huamantanga,1.2,0.65,0.97,35.0
ABR-2018,Papa Huamantanga,1.1,0.85,0.94,1.0
MAY-2018,Papa Huamantanga,1.1,0.85,0.99,0.0
JUN-2018,Papa Huamantanga,1.3,0.9,1.11,0.0
JUL-2018,Papa Huamantanga,1.3,0.9,1.11,0.0
AGO-2018,Papa Huamantanga,1.4,1.0,1.1,17.0
SEP-2018,Papa Huamantanga,1.7,1.1,1.43,20.0
OCT-2018,Papa Huamantanga,1.8,1.3,1.45,3.0
NOV-2018,Papa Huamantanga,2.0,1.4,1.65,0.0
DIC-2018,Papa Huamantanga,2.7,1.5,2.22,0.0
ENE-2019,Papa Huamantanga,2.4,1.5,1.97,0.0
FEB-2019,Papa Huamantanga,1.7,1.2,1.46,0.0
MAR-2019,Papa Huamantanga,1.7,1.2,1.46,0.0
ABR-2019,Papa Huamantanga,1.6,1.2,1.45,0.0
MAY-2019,Papa Huamantanga,1.7,1.2,1.35,9.0
JUN-2019,Papa Huamantanga,2.0,1.3,1.55,0.0
JUL-2019,Papa Huamantanga,2.0,1.4,1.64,0.0
AGO-2019,Papa Huamantanga,1.5,1.2,1.39,24.0
SEP-2019,Papa Huamantanga,2.2,1.3,1.75,0.0
OCT-2019,Papa Huamantanga,1.8,1.2,1.69,81.0
NOV-2019,Papa Huamantanga,2.5,1.8,2.03,47.0
DIC-2019,Papa Huamantanga,2.2,1.5,1.86,0.0
ENE-2020,Papa Huamantanga,1.7,0.7,0.9,58.0
FEB-2020,Papa Huamantanga,1.4,0.8,1.24,40.0
MAR-2020,Papa Huamantanga,1.3,0.7,0.87,28.0
ABR-2020,Papa Huamantanga,1.2,0.7,0.89,41.0
MAY-2020,Papa Huamantanga,1.1,0.6,0.71,49.0
JUN-2020,Papa Huamantanga,1.0,0.7,0.9,0.0
JUL-2020,Papa Huamantanga,1.4,0.9,1.19,0.0
AGO-2020,Papa Huamantanga,1.5,1.1,1.36,0.0
SEP-2020,Papa Huamantanga,2.0,1.2,1.33,21.0
OCT-2020,Papa Huamantanga,2.0,1.4,1.63,0.0
NOV-2020,Papa Huamantanga,2.0,1.3,1.61,0.0
DIC-2020,Papa Huamantanga,1.6,1.1,1.37,9.0
ENE-2021,Papa Huamantanga,1.6,1.2,1.4,41.0
FEB-2021,Papa Huamantanga,1.6,1.2,1.38,43.0
MAR-2021,Papa Huamantanga,1.7,1.2,1.42,0.0
ABR-2021,Papa Huamantanga,1.6,1.2,1.45,17.0
MAY-2021,Papa Huamantanga,1.6,1.2,1.31,65.0
JUN-2021,Papa Huamantanga,1.7,1.3,1.43,37.0
JUL-2021,Papa Huamantanga,1.8,1.4,1.58,40.0
AGO-2021,Papa Huamantanga,1.8,1.3,1.56,0.0
SEP-2021,Papa Huamantanga,1.6,1.3,1.47,0.0
OCT-2021,Papa Huamantanga,1.4,0.9,1.23,15.0
NOV-2021,Papa Huamantanga,1.4,0.9,1.24,0.0
DIC-2021,Papa Huamantanga,1.5,1.1,1.31,0.0
ENE-2022,Papa Huamantanga,1.7,1.2,1.36,0.0
FEB-2022,Papa Huamantanga,2.0,1.4,1.8,7.0
MAR-2022,Papa Huamantanga,1.7,1.3,1.59,35.0
ABR-2022,Papa Huamantanga,2.2,1.3,1.68,0.0
MAY-2022,Papa Huamantanga,2.2,1.4,1.73,0.0
JUN-2022,Papa Huamantanga,3.0,1.6,1.95,0.0
JUL-2022,Papa Huamantanga,3.2,1.8,2.33,0.0
AGO-2022,Papa Huamantanga,3.0,2.4,2.64,0.0
SEP-2022,Papa Huamantanga,4.0,2.5,3.4,22.0
OCT-2022,Papa Huamantanga,4.0,1.8,3.12,38.0
NOV-2022,Papa Huamantanga,4.0,2.0,2.84,0.0
DIC-2022,Papa Huamantanga,4.4,2.35,3.66,0.0
ENE-2023,Papa Huamantanga,2.8,2.3,2.74,24.0
FEB-2023,Papa Huamantanga,2.7,1.8,2.33,0.0
MAR-2023,Papa Huamantanga,2.5,1.6,2.08,9.0
ABR-2023,Papa Huamantanga,2.7,1.2,1.78,0.0
MAY-2023,Papa Huamantanga,2.2,1.4,1.74,0.0
JUN-2023,Papa Huamantanga,2.0,1.3,1.58,0.0
JUL-2023,Papa Huamantanga,2.5,1.5,1.74,0.0
AGO-2023,Papa Huamantanga,2.2,1.5,1.79,0.0
SEP-2023,Papa Huamantanga,2.4,1.6,1.83,19.0
OCT-2023,Papa Huamantanga,3.0,2.0,2.57,0.0
NOV-2023,Papa Huamantanga,3.5,2.1,2.88,1.0
DIC-2023,Papa Huamantanga,3.4,1.6,2.4,0.0
ENE-2024,Papa Huamantanga,2.5,1.6,1.91,0.0
FEB-2024,Papa Huamantanga,2.0,1.2,1.62,0.0
MAR-2024,Papa Huamantanga,1.6,1.2,1.39,0.0
ABR-2024,Papa Huamantanga,1.7,1.1,1.38,0.0
MAY-2024,Papa Huamantanga,1.8,1.2,1.48,22.0
JUN-2024,Papa Huamantanga,2.0,1.3,1.65,8.0
JUL-2024,Papa Huamantanga,2.2,1.6,2.04,0.0
AGO-2024,Papa Huamantanga,2.5,1.8,2.24,0.0
SEP-2024,Papa Huamantanga,2.6,2.0,2.5,49.0
OCT-2024,Papa Huamantanga,2.5,1.7,2.43,25.0
NOV-2024,Papa Huamantanga,2.6,1.8,2.27,0.0
DIC-2024,Papa Huamantanga,2.2,1.6,1.85,0.0
ENE-2015,Papa Huayro,2.0,1.0,1.28,81.0
FEB-2015,Papa Huayro,1.3,0.9,1.06,53.0
MAR-2015,Papa Huayro,1.5,0.9,1.13,287.0
ABR-2015,Papa Huayro,1.2,0.65,0.89,329.0
MAY-2015,Papa Huayro,1.1,0.75,0.9,215.0
JUN-2015,Papa Huayro,0.95,0.7,0.8,252.0
JUL-2015,Papa Huayro,1.0,0.75,0.86,174.0
AGO-2015,Papa Huayro,1.0,0.72,0.88,288.0
SEP-2015,Papa Huayro,1.4,0.8,1.07,274.0
OCT-2015,Papa Huayro,1.7,1.3,1.48,332.0
NOV-2015,Papa Huayro,3.0,1.5,2.47,48.0
DIC-2015,Papa Huayro,2.5,1.6,1.97,627.0
ENE-2016,Papa Huayro,2.0,1.6,1.8,104.0
FEB-2016,Papa Huayro,1.5,1.1,1.29,1125.0
MAR-2016,Papa Huayro,1.35,0.7,0.99,2046.0
ABR-2016,Papa Huayro,1.1,0.55,0.88,1500.0
MAY-2016,Papa Huayro,1.2,0.9,1.08,1383.0
JUN-2016,Papa Huayro,1.3,0.7,1.02,1070.0
JUL-2016,Papa Huayro,1.6,1.2,1.34,969.0
AGO-2016,Papa Huayro,1.5,1.3,1.43,855.0
SEP-2016,Papa Huayro,2.3,1.4,1.84,1129.0
OCT-2016,Papa Huayro,2.4,1.9,2.19,582.0
NOV-2016,Papa Huayro,3.0,2.3,2.56,204.0
DIC-2016,Papa Huayro,2.6,0.9,1.57,897.0
ENE-2017,Papa Huayro,1.5,0.9,1.21,539.0
FEB-2017,Papa Huayro,1.5,0.9,1.19,843.0
MAR-2017,Papa Huayro,1.7,1.0,1.33,1041.0
ABR-2017,Papa Huayro,1.6,1.15,1.37,999.0
MAY-2017,Papa Huayro,1.4,1.2,1.26,1247.0
JUN-2017,Papa Huayro,1.3,1.0,1.18,982.0
JUL-2017,Papa Huayro,1.5,1.1,1.3,1056.0
AGO-2017,Papa Huayro,1.4,1.2,1.26,1195.0
SEP-2017,Papa Huayro,1.3,0.85,1.18,978.0
OCT-2017,Papa Huayro,1.2,0.9,1.05,853.0
NOV-2017,Papa Huayro,1.2,0.9,1.04,653.0
DIC-2017,Papa Huayro,1.4,0.9,1.14,657.0
ENE-2018,Papa Huayro,1.8,1.2,1.51,405.0
FEB-2018,Papa Huayro,2.4,0.9,1.27,459.0
MAR-2018,Papa Huayro,1.4,0.9,1.12,968.0
ABR-2018,Papa Huayro,1.3,0.85,1.03,851.0
MAY-2018,Papa Huayro,1.1,0.9,0.99,1130.0
JUN-2018,Papa Huayro,1.2,0.8,0.98,1090.0
JUL-2018,Papa Huayro,1.4,0.8,1.04,601.0
AGO-2018,Papa Huayro,1.4,1.0,1.18,611.0
SEP-2018,Papa Huayro,1.6,1.0,1.32,597.0
OCT-2018,Papa Huayro,1.6,1.0,1.32,636.0
NOV-2018,Papa Huayro,2.2,1.3,1.79,336.0
DIC-2018,Papa Huayro,2.4,1.6,2.01,433.0
ENE-2019,Papa Huayro,2.4,1.2,1.63,429.0
FEB-2019,Papa Huayro,1.4,0.9,1.13,599.0
MAR-2019,Papa Huayro,1.65,1.0,1.32,574.0
ABR-2019,Papa Huayro,1.6,1.0,1.32,692.0
MAY-2019,Papa Huayro,1.6,1.0,1.21,1176.0
JUN-2019,Papa Huayro,1.4,0.9,1.17,1487.0
JUL-2019,Papa Huayro,1.6,1.2,1.4,807.0
AGO-2019,Papa Huayro,1.7,1.3,1.44,789.0
SEP-2019,Papa Huayro,2.2,1.4,1.75,1068.0
OCT-2019,Papa Huayro,2.4,1.8,2.12,406.0
NOV-2019,Papa Huayro,2.9,2.2,2.48,162.0
DIC-2019,Papa Huayro,2.8,1.6,2.3,614.0
ENE-2020,Papa Huayro,1.8,0.9,1.17,813.0
FEB-2020,Papa Huayro,1.2,0.9,1.06,1114.0
MAR-2020,Papa Huayro,1.4,0.8,1.06,971.0
ABR-2020,Papa Huayro,1.4,0.8,1.1,860.0
MAY-2020,Papa Huayro,1.3,0.6,0.85,378.0
JUN-2020,Papa Huayro,1.3,0.85,0.99,272.0
JUL-2020,Papa Huayro,1.5,1.0,1.21,287.0
AGO-2020,Papa Huayro,1.7,1.3,1.53,93.0
SEP-2020,Papa Huayro,2.2,1.5,1.75,138.0
OCT-2020,Papa Huayro,2.0,1.7,1.92,218.0
NOV-2020,Papa Huayro,2.2,1.5,1.84,63.0
DIC-2020,Papa Huayro,2.0,1.4,1.74,168.0
ENE-2021,Papa Huayro,2.0,1.6,1.74,381.0
FEB-2021,Papa Huayro,1.8,1.2,1.37,224.0
MAR-2021,Papa Huayro,1.8,1.1,1.34,375.0
ABR-2021,Papa Huayro,1.4,0.7,1.05,429.0
MAY-2021,Papa Huayro,1.2,0.75,0.96,446.0
JUN-2021,Papa Huayro,1.3,0.9,1.11,339.0
JUL-2021,Papa Huayro,1.3,0.9,1.07,134.0
AGO-2021,Papa Huayro,1.4,0.9,1.2,126.0
SEP-2021,Papa Huayro,1.4,1.0,1.16,113.0
OCT-2021,Papa Huayro,1.3,0.9,1.06,187.0
NOV-2021,Papa Huayro,1.4,1.0,1.15,59.0
DIC-2021,Papa Huayro,1.6,1.1,1.27,50.0
ENE-2022,Papa Huayro,1.8,1.4,1.49,81.0
FEB-2022,Papa Huayro,1.9,1.2,1.51,186.0
MAR-2022,Papa Huayro,1.5,1.1,1.28,1672.0
ABR-2022,Papa Huayro,1.8,1.1,1.42,2316.0
MAY-2022,Papa Huayro,2.0,1.1,1.54,3315.0
JUN-2022,Papa Huayro,2.5,1.2,1.66,2670.0
JUL-2022,Papa Huayro,2.2,1.4,1.65,875.0
AGO-2022,Papa Huayro,2.5,1.8,2.05,1308.0
SEP-2022,Papa Huayro,4.0,2.3,3.07,1187.0
OCT-2022,Papa Huayro,4.5,3.3,3.67,1111.0
NOV-2022,Papa Huayro,5.5,3.3,4.48,225.0
DIC-2022,Papa Huayro,5.5,3.0,4.51,997.0
ENE-2023,Papa Huayro,4.0,2.3,3.63,1166.0
FEB-2023,Papa Huayro,2.4,1.5,1.86,1017.0
MAR-2023,Papa Huayro,1.8,1.3,1.55,692.0
ABR-2023,Papa Huayro,2.0,1.0,1.5,805.0
MAY-2023,Papa Huayro,2.0,1.3,1.53,920.0
JUN-2023,Papa Huayro,1.8,1.2,1.46,459.0
JUL-2023,Papa Huayro,2.1,1.5,1.69,400.0
AGO-2023,Papa Huayro,2.2,1.6,1.95,96.0
SEP-2023,Papa Huayro,2.5,1.6,2.06,172.0
OCT-2023,Papa Huayro,3.5,2.3,2.72,201.0
NOV-2023,Papa Huayro,4.0,3.1,3.87,54.0
DIC-2023,Papa Huayro,3.5,1.8,2.59,130.0
ENE-2024,Papa Huayro,2.6,1.3,1.6,395.0
FEB-2024,Papa Huayro,1.7,1.1,1.51,621.0
MAR-2024,Papa Huayro,1.5,1.1,1.3,1333.0
ABR-2024,Papa Huayro,1.4,1.0,1.21,829.0
MAY-2024,Papa Huayro,1.8,1.0,1.32,2247.0
JUN-2024,Papa Huayro,2.2,1.4,1.65,936.0
JUL-2024,Papa Huayro,2.1,1.6,1.78,1423.0
AGO-2024,Papa Huayro,2.2,1.7,2.09,1181.0
SEP-2024,Papa Huayro,2.8,1.9,2.36,1152.0
OCT-2024,Papa Huayro,2.8,2.1,2.5,1164.0
NOV-2024,Papa Huayro,3.2,1.8,2.59,846.0
DIC-2024,Papa Huayro,2.2,1.6,1.91,645.0
ENE-2015,Papa Negra Andina,2.4,0.9,1.09,72.0
FEB-2015,Papa Negra Andina,1.4,1.0,1.15,24.0
MAR-2015,Papa Negra Andina,1.4,0.95,1.03,21.0
ABR-2015,Papa Negra Andina,1.3,0.7,1.06,56.0
MAY-2015,Papa Negra Andina,0.95,0.7,0.84,21.0
JUN-2015,Papa Negra Andina,0.9,0.7,0.8,0.0
JUL-2015,Papa Negra Andina,1.1,0.7,0.8,14.0
AGO-2015,Papa Negra Andina,1.1,0.8,0.9,32.0
SEP-2015,Papa Negra Andina,1.4,0.9,1.15,0.0
OCT-2015,Papa Negra Andina,1.5,1.2,1.38,0.0
NOV-2015,Papa Negra Andina,2.1,1.4,1.54,6.0
DIC-2015,Papa Negra Andina,2.5,1.6,1.97,64.0
ENE-2016,Papa Negra Andina,2.4,2.0,2.24,13.0
FEB-2016,Papa Negra Andina,1.7,0.9,1.44,152.0
MAR-2016,Papa Negra Andina,1.2,0.75,0.9,69.0
ABR-2016,Papa Negra Andina,0.95,0.6,0.86,155.0
MAY-2016,Papa Negra Andina,0.9,0.68,0.83,21.0
JUN-2016,Papa Negra Andina,1.1,0.8,0.98,37.0
JUL-2016,Papa Negra Andina,1.4,1.0,1.26,9.0
AGO-2016,Papa Negra Andina,1.7,1.0,1.28,16.0
SEP-2016,Papa Negra Andina,2.3,1.55,1.95,0.0
OCT-2016,Papa Negra Andina,2.2,1.6,1.73,41.0
NOV-2016,Papa Negra Andina,1.8,1.3,1.54,33.0
DIC-2016,Papa Negra Andina,1.8,1.3,1.68,16.0
ENE-2017,Papa Negra Andina,1.4,0.7,0.97,30.0
FEB-2017,Papa Negra Andina,0.9,0.65,0.75,32.0
MAR-2017,Papa Negra Andina,1.1,0.6,0.82,66.0
ABR-2017,Papa Negra Andina,0.85,0.6,0.68,47.0
MAY-2017,Papa Negra Andina,0.9,0.6,0.75,99.0
JUN-2017,Papa Negra Andina,0.85,0.65,0.74,73.0
JUL-2017,Papa Negra Andina,0.85,0.65,0.77,46.0
AGO-2017,Papa Negra Andina,0.8,0.55,0.71,88.0
SEP-2017,Papa Negra Andina,0.9,0.55,0.65,29.0
OCT-2017,Papa Negra Andina,0.85,0.65,0.78,19.0
NOV-2017,Papa Negra Andina,0.8,0.6,0.69,93.0
DIC-2017,Papa Negra Andina,0.7,0.5,0.64,56.0
ENE-2018,Papa Negra Andina,1.0,0.5,0.71,24.0
FEB-2018,Papa Negra Andina,0.85,0.55,0.69,0.0
MAR-2018,Papa Negra Andina,0.85,0.6,0.75,61.0
ABR-2018,Papa Negra Andina,0.85,0.65,0.75,37.0
MAY-2018,Papa Negra Andina,0.95,0.7,0.83,18.0
JUN-2018,Papa Negra Andina,0.95,0.7,0.81,22.0
JUL-2018,Papa Negra Andina,1.05,0.8,0.85,45.0
AGO-2018,Papa Negra Andina,1.4,0.85,1.09,22.0
SEP-2018,Papa Negra Andina,1.8,0.9,1.25,11.0
OCT-2018,Papa Negra Andina,2.0,1.0,1.51,0.0
NOV-2018,Papa Negra Andina,1.2,0.8,1.03,0.0
DIC-2018,Papa Negra Andina,1.4,0.9,1.28,8.0
ENE-2019,Papa Negra Andina,1.5,1.2,1.34,0.0
FEB-2019,Papa Negra Andina,1.4,1.2,1.33,24.0
MAR-2019,Papa Negra Andina,1.7,1.2,1.44,18.0
ABR-2019,Papa Negra Andina,1.7,0.95,1.29,0.0
MAY-2019,Papa Negra Andina,1.3,0.9,1.2,17.0
JUN-2019,Papa Negra Andina,1.35,1.0,1.24,5.0
JUL-2019,Papa Negra Andina,1.6,1.2,1.48,5.0
AGO-2019,Papa Negra Andina,1.5,1.2,1.35,0.0
SEP-2019,Papa Negra Andina,2.1,1.4,2.0,13.0
OCT-2019,Papa Negra Andina,2.0,1.4,1.79,61.0
NOV-2019,Papa Negra Andina,1.8,1.5,1.69,43.0
DIC-2019,Papa Negra Andina,1.9,1.2,1.69,22.0
ENE-2020,Papa Negra Andina,1.5,0.7,1.05,0.0
FEB-2020,Papa Negra Andina,0.9,0.5,0.71,2.0
MAR-2020,Papa Negra Andina,1.0,0.5,0.65,31.0
ABR-2020,Papa Negra Andina,1.0,0.5,0.73,0.0
MAY-2020,Papa Negra Andina,0.8,0.45,0.6,0.0
JUN-2020,Papa Negra Andina,0.75,0.5,0.67,0.0
JUL-2020,Papa Negra Andina,0.8,0.5,0.68,0.0
AGO-2020,Papa Negra Andina,0.8,0.65,0.71,0.0
SEP-2020,Papa Negra Andina,0.8,0.6,0.71,0.0
OCT-2020,Papa Negra Andina,1.0,0.7,0.85,36.0
NOV-2020,Papa Negra Andina,0.8,0.6,0.72,0.0
DIC-2020,Papa Negra Andina,0.85,0.6,0.75,12.0
ENE-2021,Papa Negra Andina,0.9,0.7,0.79,0.0
FEB-2021,Papa Negra Andina,0.85,0.7,0.76,0.0
MAR-2021,Papa Negra Andina,1.4,0.7,0.97,0.0
ABR-2021,Papa Negra Andina,1.3,0.9,1.09,36.0
MAY-2021,Papa Negra Andina,1.15,0.8,0.96,0.0
JUN-2021,Papa Negra Andina,1.3,0.9,1.1,19.0
JUL-2021,Papa Negra Andina,1.4,1.1,1.27,0.0
AGO-2021,Papa Negra Andina,1.35,1.0,1.17,0.0
SEP-2021,Papa Negra Andina,1.5,1.0,1.24,0.0
OCT-2021,Papa Negra Andina,1.4,1.1,1.27,0.0
NOV-2021,Papa Negra Andina,1.4,1.0,1.28,20.0
DIC-2021,Papa Negra Andina,1.45,1.0,1.28,0.0
ENE-2022,Papa Negra Andina,1.45,1.1,1.25,0.0
FEB-2022,Papa Negra Andina,1.8,1.2,1.49,0.0
MAR-2022,Papa Negra Andina,1.5,1.1,1.25,25.0
ABR-2022,Papa Negra Andina,1.8,1.0,1.48,34.0
MAY-2022,Papa Negra Andina,1.2,1.0,1.14,32.0
JUN-2022,Papa Negra Andina,3.2,1.0,1.35,3.0
JUL-2022,Papa Negra Andina,1.9,1.3,1.6,0.0
AGO-2022,Papa Negra Andina,1.9,1.4,1.62,8.0
SEP-2022,Papa Negra Andina,2.6,1.7,2.12,83.0
OCT-2022,Papa Negra Andina,3.0,1.7,1.9,23.0
NOV-2022,Papa Negra Andina,2.3,1.8,2.09,0.0
DIC-2022,Papa Negra Andina,3.0,1.9,2.29,0.0
ENE-2023,Papa Negra Andina,2.6,2.0,2.17,6.0
FEB-2023,Papa Negra Andina,2.2,1.5,2.08,2.0
MAR-2023,Papa Negra Andina,1.8,1.1,1.46,0.0
ABR-2023,Papa Negra Andina,1.4,0.8,1.14,0.0
MAY-2023,Papa Negra Andina,1.1,0.8,1.01,0.0
JUN-2023,Papa Negra Andina,1.1,0.9,0.97,0.0
JUL-2023,Papa Negra Andina,1.3,1.0,1.11,0.0
AGO-2023,Papa Negra Andina,1.2,1.0,1.13,0.0
SEP-2023,Papa Negra Andina,1.3,1.0,1.13,0.0
OCT-2023,Papa Negra Andina,1.4,1.1,1.18,12.0
NOV-2023,Papa Negra Andina,1.7,1.3,1.39,0.0
DIC-2023,Papa Negra Andina,1.7,1.2,1.35,0.0
ENE-2024,Papa Negra Andina,1.5,1.0,1.15,10.0
FEB-2024,Papa Negra Andina,1.2,0.8,1.06,1.0
MAR-2024,Papa Negra Andina,1.0,0.8,0.88,0.0
ABR-2024,Papa Negra Andina,1.0,0.8,0.89,0.0
MAY-2024,Papa Negra Andina,1.1,0.8,0.95,30.0
JUN-2024,Papa Negra Andina,1.4,0.9,1.1,21.0
JUL-2024,Papa Negra Andina,1.8,1.2,1.4,8.0
AGO-2024,Papa Negra Andina,2.2,1.5,1.91,59.0
SEP-2024,Papa Negra Andina,2.5,2.0,2.2,0.0
OCT-2024,Papa Negra Andina,2.5,1.6,1.88,20.0
NOV-2024,Papa Negra Andina,2.1,1.1,1.57,68.0
DIC-2024,Papa Negra Andina,1.5,1.0,1.17,0.0
ENE-2015,Papa Perricholi,2.0,0.8,1.1,165.0
FEB-2015,Papa Perricholi,1.4,1.1,1.25,29.0
MAR-2015,Papa Perricholi,1.4,0.9,1.05,155.0
ABR-2015,Papa Perricholi,1.1,0.55,0.77,315.0
MAY-2015,Papa Perricholi,0.8,0.5,0.61,293.0
JUN-2015,Papa Perricholi,0.7,0.5,0.58,171.0
JUL-2015,Papa Perricholi,1.0,0.6,0.79,352.0
AGO-2015,Papa Perricholi,1.0,0.65,0.87,101.0
SEP-2015,Papa Perricholi,0.95,0.7,0.81,186.0
OCT-2015,Papa Perricholi,1.3,0.85,1.07,234.0
NOV-2015,Papa Perricholi,1.75,1.05,1.32,157.0
DIC-2015,Papa Perricholi,2.1,1.3,1.77,496.0
ENE-2016,Papa Perricholi,2.1,1.9,2.02,180.0
FEB-2016,Papa Perricholi,1.8,1.0,1.54,451.0
MAR-2016,Papa Perricholi,1.4,0.7,0.97,461.0
ABR-2016,Papa Perricholi,1.0,0.6,0.78,363.0
MAY-2016,Papa Perricholi,0.85,0.6,0.69,425.0
JUN-2016,Papa Perricholi,1.4,0.6,1.0,174.0
JUL-2016,Papa Perricholi,1.6,1.1,1.33,323.0
AGO-2016,Papa Perricholi,1.45,0.85,1.05,351.0
SEP-2016,Papa Perricholi,2.15,1.0,1.51,285.0
OCT-2016,Papa Perricholi,1.85,1.1,1.54,354.0
NOV-2016,Papa Perricholi,1.65,1.0,1.33,247.0
DIC-2016,Papa Perricholi,1.85,1.1,1.44,452.0
ENE-2017,Papa Perricholi,1.5,0.85,1.29,264.0
FEB-2017,Papa Perricholi,1.3,1.0,1.21,233.0
MAR-2017,Papa Perricholi,1.2,0.55,1.02,105.0
ABR-2017,Papa Perricholi,0.82,0.5,0.72,126.0
MAY-2017,Papa Perricholi,0.9,0.6,0.75,202.0
JUN-2017,Papa Perricholi,0.9,0.5,0.68,172.0
JUL-2017,Papa Perricholi,1.0,0.5,0.63,282.0
AGO-2017,Papa Perricholi,0.75,0.45,0.58,424.0
SEP-2017,Papa Perricholi,0.55,0.35,0.45,536.0
OCT-2017,Papa Perricholi,0.55,0.38,0.45,223.0
NOV-2017,Papa Perricholi,0.6,0.4,0.52,127.0
DIC-2017,Papa Perricholi,0.6,0.2,0.42,175.0
ENE-2018,Papa Perricholi,0.5,0.2,0.39,92.0
FEB-2018,Papa Perricholi,0.7,0.35,0.5,217.0
MAR-2018,Papa Perricholi,0.85,0.5,0.7,160.0
ABR-2018,Papa Perricholi,0.85,0.5,0.67,126.0
MAY-2018,Papa Perricholi,0.95,0.55,0.77,198.0
JUN-2018,Papa Perricholi,0.8,0.5,0.71,66.0
JUL-2018,Papa Perricholi,1.0,0.55,0.91,75.0
AGO-2018,Papa Perricholi,1.0,0.7,0.84,202.0
SEP-2018,Papa Perricholi,1.1,0.7,0.9,155.0
OCT-2018,Papa Perricholi,1.05,0.7,0.97,62.0
NOV-2018,Papa Perricholi,1.0,0.7,0.77,134.0
DIC-2018,Papa Perricholi,0.95,0.6,0.8,162.0
ENE-2019,Papa Perricholi,1.3,0.95,1.13,99.0
FEB-2019,Papa Perricholi,1.8,1.1,1.4,178.0
MAR-2019,Papa Perricholi,1.7,1.1,1.33,159.0
ABR-2019,Papa Perricholi,1.6,0.8,1.37,40.0
MAY-2019,Papa Perricholi,1.2,0.7,0.85,97.0
JUN-2019,Papa Perricholi,1.4,0.75,1.15,236.0
JUL-2019,Papa Perricholi,1.5,1.0,1.1,77.0
AGO-2019,Papa Perricholi,1.3,1.0,1.13,246.0
SEP-2019,Papa Perricholi,1.65,1.1,1.42,401.0
OCT-2019,Papa Perricholi,1.6,1.3,1.54,23.0
NOV-2019,Papa Perricholi,1.6,1.0,1.14,37.0
DIC-2019,Papa Perricholi,1.15,0.7,0.79,49.0
ENE-2020,Papa Perricholi,0.9,0.5,0.67,177.0
FEB-2020,Papa Perricholi,1.0,0.5,0.65,31.0
MAR-2020,Papa Perricholi,1.1,0.6,1.0,1.0
ABR-2020,Papa Perricholi,0.7,0.65,0.69,0.0
MAY-2020,Papa Perricholi,0.45,0.4,0.43,3.0
JUN-2020,Papa Perricholi,,,,0.0
JUL-2020,Papa Perricholi,,,,0.0
AGO-2020,Papa Perricholi,,,,0.0
SEP-2020,Papa Perricholi,,,,0.0
OCT-2020,Papa Perricholi,,,,0.0
NOV-2020,Papa Perricholi,,,,0.0
DIC-2020,Papa Perricholi,,,,0.0
ENE-2021,Papa Perricholi,,,,0.0
FEB-2021,Papa Perricholi,,,,0.0
MAR-2021,Papa Perricholi,,,,0.0
ABR-2021,Papa Perricholi,,,,0.0
MAY-2021,Papa Perricholi,,,,0.0
JUN-2021,Papa Perricholi,,,,0.0
JUL-2021,Papa Perricholi,,,,0.0
AGO-2021,Papa Perricholi,,,,0.0
SEP-2021,Papa Perricholi,,,,0.0
OCT-2021,Papa Perricholi,,,,0.0
NOV-2021,Papa Perricholi,,,,0.0
DIC-2021,Papa Perricholi,,,,0.0
ENE-2022,Papa Perricholi,,,,0.0
FEB-2022,Papa Perricholi,,,,0.0
MAR-2022,Papa Perricholi,,,,0.0
ABR-2022,Papa Perricholi,,,,0.0
MAY-2022,Papa Perricholi,,,,0.0
JUN-2022,Papa Perricholi,,,,0.0
JUL-2022,Papa Perricholi,,,,0.0
AGO-2022,Papa Perricholi,,,,0.0
SEP-2022,Papa Perricholi,,,,0.0
OCT-2022,Papa Perricholi,,,,0.0
NOV-2022,Papa Perricholi,,,,0.0
DIC-2022,Papa Perricholi,,,,0.0
ENE-2023,Papa Perricholi,,,,0.0
FEB-2023,Papa Perricholi,,,,0.0
MAR-2023,Papa Perricholi,,,,0.0
ABR-2023,Papa Perricholi,,,,0.0
MAY-2023,Papa Perricholi,,,,0.0
JUN-2023,Papa Perricholi,,,,0.0
JUL-2023,Papa Perricholi,,,,0.0
AGO-2023,Papa Perricholi,,,,0.0
SEP-2023,Papa Perricholi,,,,0.0
OCT-2023,Papa Perricholi,,,,0.0
NOV-2023,Papa Perricholi,,,,0.0
DIC-2023,Papa Perricholi,,,,0.0
ENE-2024,Papa Perricholi,,,,0.0
FEB-2024,Papa Perricholi,,,,0.0
MAR-2024,Papa Perricholi,,,,0.0
ABR-2024,Papa Perricholi,,,,0.0
MAY-2024,Papa Perricholi,,,,0.0
JUN-2024,Papa Perricholi,,,,0.0
JUL-2024,Papa Perricholi,,,,0.0
AGO-2024,Papa Perricholi,,,,0.0
SEP-2024,Papa Perricholi,,,,0.0
OCT-2024,Papa Perricholi,,,,0.0
NOV-2024,Papa Perricholi,,,,0.0
DIC-2024,Papa Perricholi,,,,0.0
ENE-2015,Papa Peruanita,2.6,1.1,1.63,22.0
FEB-2015,Papa Peruanita,1.5,1.1,1.35,11.0
MAR-2015,Papa Peruanita,1.5,1.1,1.29,86.0
ABR-2015,Papa Peruanita,1.2,0.8,0.95,238.0
MAY-2015,Papa Peruanita,1.0,0.7,0.83,157.0
JUN-2015,Papa Peruanita,0.9,0.75,0.83,241.0
JUL-2015,Papa Peruanita,1.0,0.8,0.9,112.0
AGO-2015,Papa Peruanita,1.4,0.85,1.1,104.0
SEP-2015,Papa Peruanita,2.1,1.25,1.94,94.0
OCT-2015,Papa Peruanita,2.9,2.0,2.8,48.0
NOV-2015,Papa Peruanita,3.3,1.6,2.83,2.0
DIC-2015,Papa Peruanita,2.7,1.9,2.15,189.0
ENE-2016,Papa Peruanita,2.6,1.8,2.09,97.0
FEB-2016,Papa Peruanita,2.0,1.2,1.69,240.0
MAR-2016,Papa Peruanita,1.9,1.25,1.42,356.0
ABR-2016,Papa Peruanita,1.6,1.1,1.28,626.0
MAY-2016,Papa Peruanita,1.3,1.0,1.15,660.0
JUN-2016,Papa Peruanita,1.5,1.0,1.28,358.0
JUL-2016,Papa Peruanita,2.1,1.5,1.79,661.0
AGO-2016,Papa Peruanita,2.9,2.0,2.09,575.0
SEP-2016,Papa Peruanita,3.1,2.6,2.87,381.0
OCT-2016,Papa Peruanita,3.3,2.5,2.93,208.0
NOV-2016,Papa Peruanita,3.1,2.0,2.46,133.0
DIC-2016,Papa Peruanita,2.7,1.6,2.14,247.0
ENE-2017,Papa Peruanita,2.3,1.2,1.81,84.0
FEB-2017,Papa Peruanita,2.1,1.25,1.93,41.0
MAR-2017,Papa Peruanita,2.5,1.5,1.81,183.0
ABR-2017,Papa Peruanita,1.7,1.3,1.43,463.0
MAY-2017,Papa Peruanita,1.5,0.9,1.22,615.0
JUN-2017,Papa Peruanita,1.3,1.0,1.14,420.0
JUL-2017,Papa Peruanita,1.4,0.8,1.13,658.0
AGO-2017,Papa Peruanita,1.2,0.9,1.04,626.0
SEP-2017,Papa Peruanita,1.3,0.85,1.03,638.0
OCT-2017,Papa Peruanita,1.3,0.8,1.0,317.0
NOV-2017,Papa Peruanita,1.2,0.9,1.07,278.0
DIC-2017,Papa Peruanita,1.6,0.9,1.32,296.0
ENE-2018,Papa Peruanita,2.0,1.1,1.5,169.0
FEB-2018,Papa Peruanita,2.3,0.9,1.51,223.0
MAR-2018,Papa Peruanita,1.3,1.0,1.11,404.0
ABR-2018,Papa Peruanita,1.2,0.8,1.0,546.0
MAY-2018,Papa Peruanita,1.0,0.8,0.9,571.0
JUN-2018,Papa Peruanita,1.5,0.9,1.08,540.0
JUL-2018,Papa Peruanita,1.5,0.9,1.23,558.0
AGO-2018,Papa Peruanita,1.6,1.1,1.29,503.0
SEP-2018,Papa Peruanita,2.2,1.4,1.86,310.0
OCT-2018,Papa Peruanita,2.7,2.0,2.21,108.0
NOV-2018,Papa Peruanita,2.6,1.7,2.22,180.0
DIC-2018,Papa Peruanita,3.1,2.2,2.83,141.0
ENE-2019,Papa Peruanita,3.0,1.8,2.43,91.0
FEB-2019,Papa Peruanita,2.2,1.3,1.87,196.0
MAR-2019,Papa Peruanita,2.6,1.3,1.99,23.0
ABR-2019,Papa Peruanita,2.5,1.2,2.02,329.0
MAY-2019,Papa Peruanita,1.8,1.1,1.39,719.0
JUN-2019,Papa Peruanita,1.5,1.2,1.37,468.0
JUL-2019,Papa Peruanita,1.6,1.3,1.48,338.0
AGO-2019,Papa Peruanita,1.6,1.3,1.46,410.0
SEP-2019,Papa Peruanita,2.2,1.3,1.99,258.0
OCT-2019,Papa Peruanita,2.5,2.0,2.15,278.0
NOV-2019,Papa Peruanita,3.0,2.2,2.48,329.0
DIC-2019,Papa Peruanita,2.6,2.1,2.39,227.0
ENE-2020,Papa Peruanita,2.2,1.2,1.58,184.0
FEB-2020,Papa Peruanita,1.5,0.9,1.3,122.0
MAR-2020,Papa Peruanita,1.7,0.9,1.38,204.0
ABR-2020,Papa Peruanita,1.6,0.8,1.25,291.0
MAY-2020,Papa Peruanita,1.6,0.7,0.87,78.0
JUN-2020,Papa Peruanita,1.6,0.9,1.18,24.0
JUL-2020,Papa Peruanita,1.6,1.1,1.4,118.0
AGO-2020,Papa Peruanita,2.0,1.3,1.69,20.0
SEP-2020,Papa Peruanita,2.2,1.7,1.93,0.0
OCT-2020,Papa Peruanita,2.1,1.5,1.7,14.0
NOV-2020,Papa Peruanita,1.8,1.4,1.63,2.0
DIC-2020,Papa Peruanita,1.9,1.4,1.67,0.0
ENE-2021,Papa Peruanita,2.2,1.8,1.98,97.0
FEB-2021,Papa Peruanita,2.2,1.7,1.86,106.0
MAR-2021,Papa Peruanita,2.7,1.8,2.02,30.0
ABR-2021,Papa Peruanita,2.2,1.3,1.71,80.0
MAY-2021,Papa Peruanita,1.4,1.2,1.3,20.0
JUN-2021,Papa Peruanita,1.4,1.1,1.21,93.0
JUL-2021,Papa Peruanita,1.4,1.1,1.25,31.0
AGO-2021,Papa Peruanita,1.4,1.0,1.23,68.0
SEP-2021,Papa Peruanita,1.5,1.0,1.1,18.0
OCT-2021,Papa Peruanita,1.2,0.9,1.07,47.0
NOV-2021,Papa Peruanita,1.3,1.0,1.14,20.0
DIC-2021,Papa Peruanita,1.7,1.1,1.41,1.0
ENE-2022,Papa Peruanita,1.8,1.3,1.52,58.0
FEB-2022,Papa Peruanita,2.0,1.5,1.83,26.0
MAR-2022,Papa Peruanita,1.7,1.2,1.38,82.0
ABR-2022,Papa Peruanita,2.0,1.0,1.67,85.0
MAY-2022,Papa Peruanita,1.5,1.0,1.23,182.0
JUN-2022,Papa Peruanita,3.2,1.0,1.41,113.0
JUL-2022,Papa Peruanita,2.3,1.5,1.98,119.0
AGO-2022,Papa Peruanita,3.2,2.1,2.62,468.0
SEP-2022,Papa Peruanita,4.8,2.8,3.58,145.0
OCT-2022,Papa Peruanita,5.0,1.8,3.77,128.0
NOV-2022,Papa Peruanita,4.3,3.2,3.79,125.0
DIC-2022,Papa Peruanita,4.9,3.3,4.04,160.0
ENE-2023,Papa Peruanita,4.4,2.6,3.41,46.0
FEB-2023,Papa Peruanita,2.9,1.8,2.69,57.0
MAR-2023,Papa Peruanita,3.0,1.6,2.12,0.0
ABR-2023,Papa Peruanita,2.7,1.8,2.11,53.0
MAY-2023,Papa Peruanita,2.2,1.4,1.74,39.0
JUN-2023,Papa Peruanita,1.9,1.3,1.6,137.0
JUL-2023,Papa Peruanita,2.2,1.4,1.67,131.0
AGO-2023,Papa Peruanita,2.2,1.5,1.89,18.0
SEP-2023,Papa Peruanita,3.0,1.8,2.51,70.0
OCT-2023,Papa Peruanita,3.3,2.5,2.9,29.0
NOV-2023,Papa Peruanita,3.8,3.0,3.52,36.0
DIC-2023,Papa Peruanita,4.0,2.6,3.43,130.0
ENE-2024,Papa Peruanita,3.7,2.2,2.94,52.0
FEB-2024,Papa Peruanita,2.2,1.3,1.89,31.0
MAR-2024,Papa Peruanita,2.0,1.3,1.74,86.0
ABR-2024,Papa Peruanita,1.9,1.1,1.58,36.0
MAY-2024,Papa Peruanita,1.7,1.2,1.42,46.0
JUN-2024,Papa Peruanita,2.2,1.4,1.66,67.0
JUL-2024,Papa Peruanita,2.4,1.7,2.17,54.0
AGO-2024,Papa Peruanita,3.0,2.0,2.29,87.0
SEP-2024,Papa Peruanita,3.0,2.2,2.61,41.0
OCT-2024,Papa Peruanita,2.8,2.0,2.55,78.0
NOV-2024,Papa Peruanita,3.0,1.6,2.16,55.0
DIC-2024,Papa Peruanita,2.2,1.4,1.71,29.0
ENE-2015,Papa Unica,2.2,1.0,1.23,579.0
FEB-2015,Papa Unica,1.5,1.2,1.41,49.0
MAR-2015,Papa Unica,1.4,0.9,1.19,107.0
ABR-2015,Papa Unica,1.15,0.55,0.76,248.0
MAY-2015,Papa Unica,0.9,0.6,0.73,442.0
JUN-2015,Papa Unica,0.9,0.65,0.74,400.0
JUL-2015,Papa Unica,1.05,0.75,0.85,279.0
AGO-2015,Papa Unica,1.0,0.65,0.86,540.0
SEP-2015,Papa Unica,1.0,0.7,0.82,432.0
OCT-2015,Papa Unica,1.2,0.85,0.99,639.0
NOV-2015,Papa Unica,1.6,1.05,1.36,1018.0
DIC-2015,Papa Unica,2.2,1.4,1.89,1965.0
ENE-2016,Papa Unica,2.3,2.03,2.18,241.0
FEB-2016,Papa Unica,2.0,1.1,1.69,262.0
MAR-2016,Papa Unica,1.35,0.65,0.93,247.0
ABR-2016,Papa Unica,1.0,0.65,0.84,958.0
MAY-2016,Papa Unica,1.05,0.6,0.81,1018.0
JUN-2016,Papa Unica,1.4,0.95,1.14,658.0
JUL-2016,Papa Unica,1.7,1.3,1.47,1748.0
AGO-2016,Papa Unica,1.45,0.9,1.09,4097.0
SEP-2016,Papa Unica,1.95,1.0,1.45,3819.0
OCT-2016,Papa Unica,1.55,1.1,1.34,3763.0
NOV-2016,Papa Unica,1.65,1.1,1.42,3609.0
DIC-2016,Papa Unica,2.0,1.5,1.73,2226.0
ENE-2017,Papa Unica,1.85,1.2,1.67,613.0
FEB-2017,Papa Unica,1.5,0.9,1.16,521.0
MAR-2017,Papa Unica,1.2,0.5,0.92,769.0
ABR-2017,Papa Unica,1.0,0.55,0.82,1063.0
MAY-2017,Papa Unica,0.9,0.65,0.8,1679.0
JUN-2017,Papa Unica,1.0,0.7,0.83,1788.0
JUL-2017,Papa Unica,0.95,0.6,0.75,2255.0
AGO-2017,Papa Unica,0.9,0.6,0.75,3100.0
SEP-2017,Papa Unica,0.7,0.5,0.6,2902.0
OCT-2017,Papa Unica,0.75,0.4,0.6,2104.0
NOV-2017,Papa Unica,0.55,0.3,0.45,3189.0
DIC-2017,Papa Unica,0.6,0.2,0.36,2973.0
ENE-2018,Papa Unica,0.45,0.2,0.29,2888.0
FEB-2018,Papa Unica,0.75,0.3,0.53,2357.0
MAR-2018,Papa Unica,0.8,0.55,0.67,1042.0
ABR-2018,Papa Unica,0.9,0.55,0.73,1106.0
MAY-2018,Papa Unica,0.9,0.6,0.78,1192.0
JUN-2018,Papa Unica,0.9,0.7,0.79,1314.0
JUL-2018,Papa Unica,1.0,0.7,0.77,2756.0
AGO-2018,Papa Unica,1.0,0.75,0.86,4164.0
SEP-2018,Papa Unica,1.05,0.75,0.89,2632.0
OCT-2018,Papa Unica,1.0,0.6,0.76,3487.0
NOV-2018,Papa Unica,0.8,0.55,0.67,4240.0
DIC-2018,Papa Unica,0.93,0.55,0.76,5547.0
ENE-2019,Papa Unica,1.4,0.7,0.99,3050.0
FEB-2019,Papa Unica,1.9,1.2,1.6,1160.0
MAR-2019,Papa Unica,1.7,1.1,1.41,863.0
ABR-2019,Papa Unica,1.6,0.8,1.17,1280.0
MAY-2019,Papa Unica,1.2,0.8,0.97,2947.0
JUN-2019,Papa Unica,1.6,0.95,1.17,2551.0
JUL-2019,Papa Unica,1.7,0.9,1.39,3602.0
AGO-2019,Papa Unica,1.45,1.0,1.24,3541.0
SEP-2019,Papa Unica,1.65,1.3,1.48,3709.0
OCT-2019,Papa Unica,1.6,0.9,1.33,4611.0
NOV-2019,Papa Unica,1.3,0.9,1.09,5885.0
DIC-2019,Papa Unica,1.1,0.8,0.93,5966.0
ENE-2020,Papa Unica,1.1,0.7,0.89,4004.0
FEB-2020,Papa Unica,1.2,0.7,0.98,1551.0
MAR-2020,Papa Unica,1.15,0.3,0.9,981.0
ABR-2020,Papa Unica,0.8,0.4,0.6,133.0
MAY-2020,Papa Unica,0.7,0.3,0.44,247.0
JUN-2020,Papa Unica,0.75,0.45,0.58,814.0
JUL-2020,Papa Unica,0.7,0.4,0.56,1722.0
AGO-2020,Papa Unica,0.6,0.35,0.48,1481.0
SEP-2020,Papa Unica,0.55,0.3,0.4,1482.0
OCT-2020,Papa Unica,0.55,0.3,0.42,1633.0
NOV-2020,Papa Unica,0.45,0.3,0.37,2460.0
DIC-2020,Papa Unica,0.6,0.3,0.44,2277.0
ENE-2021,Papa Unica,0.9,0.45,0.65,2017.0
FEB-2021,Papa Unica,1.05,0.65,0.88,1494.0
MAR-2021,Papa Unica,2.0,0.8,1.13,1019.0
ABR-2021,Papa Unica,1.55,1.1,1.37,1207.0
MAY-2021,Papa Unica,1.5,1.15,1.3,2166.0
JUN-2021,Papa Unica,1.75,1.2,1.44,1567.0
JUL-2021,Papa Unica,1.75,1.25,1.48,2119.0
AGO-2021,Papa Unica,1.5,1.1,1.31,1374.0
SEP-2021,Papa Unica,1.3,1.0,1.11,1661.0
OCT-2021,Papa Unica,1.2,0.6,0.86,775.0
NOV-2021,Papa Unica,0.9,0.6,0.79,1448.0
DIC-2021,Papa Unica,1.2,0.7,0.92,2018.0
ENE-2022,Papa Unica,1.6,1.0,1.19,926.0
FEB-2022,Papa Unica,2.1,1.4,1.77,657.0
MAR-2022,Papa Unica,1.9,1.4,1.71,1113.0
ABR-2022,Papa Unica,2.2,1.2,1.71,1436.0
MAY-2022,Papa Unica,1.9,1.3,1.61,1409.0
JUN-2022,Papa Unica,2.2,1.4,1.66,1847.0
JUL-2022,Papa Unica,2.0,1.4,1.59,1420.0
AGO-2022,Papa Unica,1.6,1.1,1.27,4307.0
SEP-2022,Papa Unica,2.45,1.3,1.71,5266.0
OCT-2022,Papa Unica,2.5,1.3,1.88,5176.0
NOV-2022,Papa Unica,2.0,1.5,1.79,6595.0
DIC-2022,Papa Unica,2.0,1.5,1.83,6232.0
ENE-2023,Papa Unica,2.7,1.7,2.02,4090.0
FEB-2023,Papa Unica,2.7,2.0,2.32,3445.0
MAR-2023,Papa Unica,2.3,1.2,1.79,2723.0
ABR-2023,Papa Unica,1.7,1.1,1.4,3425.0
MAY-2023,Papa Unica,1.7,1.1,1.39,1811.0
JUN-2023,Papa Unica,1.6,1.0,1.27,3526.0
JUL-2023,Papa Unica,1.7,0.8,1.22,3771.0
AGO-2023,Papa Unica,1.3,1.0,1.16,3337.0
SEP-2023,Papa Unica,1.4,1.0,1.18,2950.0
OCT-2023,Papa Unica,1.4,1.0,1.18,3255.0
NOV-2023,Papa Unica,1.45,1.0,1.3,3635.0
DIC-2023,Papa Unica,1.5,1.1,1.26,4818.0
ENE-2024,Papa Unica,1.5,1.1,1.27,3534.0
FEB-2024,Papa Unica,1.4,1.1,1.2,2266.0
MAR-2024,Papa Unica,1.6,1.1,1.36,1224.0
ABR-2024,Papa Unica,1.6,1.1,1.32,1274.0
MAY-2024,Papa Unica,1.7,1.2,1.46,1346.0
JUN-2024,Papa Unica,2.0,1.4,1.72,1700.0
JUL-2024,Papa Unica,2.1,1.4,1.69,2126.0
AGO-2024,Papa Unica,1.9,1.1,1.56,4247.0
SEP-2024,Papa Unica,1.5,1.1,1.26,3917.0
OCT-2024,Papa Unica,1.2,0.65,0.92,4623.0
NOV-2024,Papa Unica,0.75,0.45,0.66,4093.0
DIC-2024,Papa Unica,0.9,0.4,0.61,2995.0
ENE-2015,Papa Yungay,2.3,0.7,0.95,1666.0
FEB-2015,Papa Yungay,1.3,0.85,0.99,195.0
MAR-2015,Papa Yungay,1.5,0.95,1.23,1320.0
ABR-2015,Papa Yungay,1.2,0.6,0.82,1121.0
MAY-2015,Papa Yungay,0.85,0.6,0.69,1714.0
JUN-2015,Papa Yungay,0.75,0.55,0.64,1805.0
JUL-2015,Papa Yungay,0.78,0.5,0.64,1283.0
AGO-2015,Papa Yungay,0.85,0.5,0.65,1459.0
SEP-2015,Papa Yungay,1.15,0.75,0.97,1368.0
OCT-2015,Papa Yungay,1.5,1.0,1.28,1526.0
NOV-2015,Papa Yungay,2.0,1.4,1.72,1541.0
DIC-2015,Papa Yungay,2.5,1.7,2.03,2999.0
ENE-2016,Papa Yungay,2.3,1.93,2.19,1039.0
FEB-2016,Papa Yungay,1.75,0.9,1.44,5382.0
MAR-2016,Papa Yungay,1.4,0.5,0.88,6193.0
ABR-2016,Papa Yungay,0.8,0.55,0.66,6736.0
MAY-2016,Papa Yungay,0.8,0.6,0.7,6900.0
JUN-2016,Papa Yungay,0.8,0.5,0.68,6163.0
JUL-2016,Papa Yungay,1.2,0.7,0.94,6593.0
AGO-2016,Papa Yungay,1.6,1.0,1.24,4521.0
SEP-2016,Papa Yungay,2.5,1.6,2.01,3316.0
OCT-2016,Papa Yungay,2.2,1.4,1.71,6069.0
NOV-2016,Papa Yungay,1.8,1.2,1.46,6982.0
DIC-2016,Papa Yungay,1.7,0.9,1.43,7496.0
ENE-2017,Papa Yungay,1.1,0.55,0.85,6546.0
FEB-2017,Papa Yungay,0.9,0.5,0.67,6887.0
MAR-2017,Papa Yungay,1.0,0.4,0.65,6738.0
ABR-2017,Papa Yungay,0.7,0.4,0.57,7203.0
MAY-2017,Papa Yungay,0.7,0.55,0.62,10809.0
JUN-2017,Papa Yungay,0.75,0.5,0.61,9858.0
JUL-2017,Papa Yungay,0.75,0.55,0.66,7376.0
AGO-2017,Papa Yungay,0.75,0.55,0.64,9764.0
SEP-2017,Papa Yungay,0.75,0.55,0.63,9647.0
OCT-2017,Papa Yungay,0.65,0.4,0.51,9294.0
NOV-2017,Papa Yungay,0.65,0.4,0.51,8904.0
DIC-2017,Papa Yungay,0.5,0.3,0.43,8919.0
ENE-2018,Papa Yungay,0.65,0.3,0.52,4825.0
FEB-2018,Papa Yungay,0.8,0.4,0.57,4697.0
MAR-2018,Papa Yungay,0.8,0.6,0.73,5851.0
ABR-2018,Papa Yungay,0.9,0.65,0.74,5147.0
MAY-2018,Papa Yungay,0.85,0.65,0.78,5736.0
JUN-2018,Papa Yungay,0.9,0.65,0.75,5818.0
JUL-2018,Papa Yungay,0.9,0.65,0.77,4084.0
AGO-2018,Papa Yungay,1.2,0.75,0.97,4951.0
SEP-2018,Papa Yungay,1.4,1.0,1.17,3023.0
OCT-2018,Papa Yungay,1.3,0.75,1.04,5889.0
NOV-2018,Papa Yungay,1.0,0.6,0.77,7590.0
DIC-2018,Papa Yungay,1.3,0.7,1.05,6223.0
ENE-2019,Papa Yungay,1.5,1.0,1.23,5730.0
FEB-2019,Papa Yungay,1.25,0.9,1.04,7668.0
MAR-2019,Papa Yungay,1.7,0.95,1.3,5431.0
ABR-2019,Papa Yungay,1.5,0.8,1.19,4970.0
MAY-2019,Papa Yungay,1.2,0.9,0.98,8858.0
JUN-2019,Papa Yungay,1.1,0.8,0.95,6550.0
JUL-2019,Papa Yungay,1.3,0.9,1.1,6862.0
AGO-2019,Papa Yungay,1.4,0.9,1.1,8893.0
SEP-2019,Papa Yungay,1.6,1.2,1.5,7102.0
OCT-2019,Papa Yungay,1.6,1.3,1.47,9116.0
NOV-2019,Papa Yungay,1.8,1.4,1.59,11252.0
DIC-2019,Papa Yungay,1.6,0.9,1.28,10095.0
ENE-2020,Papa Yungay,1.2,0.55,0.87,7900.0
FEB-2020,Papa Yungay,0.75,0.5,0.62,7209.0
MAR-2020,Papa Yungay,1.0,0.4,0.65,9052.0
ABR-2020,Papa Yungay,1.0,0.4,0.72,7208.0
MAY-2020,Papa Yungay,0.65,0.4,0.51,5540.0
JUN-2020,Papa Yungay,0.7,0.35,0.52,3429.0
JUL-2020,Papa Yungay,0.6,0.4,0.49,3786.0
AGO-2020,Papa Yungay,0.7,0.4,0.54,2888.0
SEP-2020,Papa Yungay,0.7,0.4,0.59,3485.0
OCT-2020,Papa Yungay,0.65,0.4,0.55,4330.0
NOV-2020,Papa Yungay,0.65,0.4,0.52,4766.0
DIC-2020,Papa Yungay,0.75,0.5,0.64,3577.0
ENE-2021,Papa Yungay,0.8,0.5,0.68,2870.0
FEB-2021,Papa Yungay,0.75,0.4,0.62,5115.0
MAR-2021,Papa Yungay,1.35,0.6,0.78,4527.0
ABR-2021,Papa Yungay,1.0,0.65,0.85,5021.0
MAY-2021,Papa Yungay,0.9,0.65,0.78,3646.0
JUN-2021,Papa Yungay,0.95,0.7,0.83,3979.0
JUL-2021,Papa Yungay,1.1,0.8,0.92,4701.0
AGO-2021,Papa Yungay,1.25,0.8,1.01,4019.0
SEP-2021,Papa Yungay,1.3,1.0,1.13,3368.0
OCT-2021,Papa Yungay,1.3,0.9,1.08,1895.0
NOV-2021,Papa Yungay,1.2,0.95,1.09,3611.0
DIC-2021,Papa Yungay,1.2,0.9,1.05,2517.0
ENE-2022,Papa Yungay,1.4,0.9,1.12,2374.0
FEB-2022,Papa Yungay,1.7,1.1,1.32,1181.0
MAR-2022,Papa Yungay,1.5,1.0,1.14,3640.0
ABR-2022,Papa Yungay,2.05,0.9,1.29,2575.0
MAY-2022,Papa Yungay,1.2,0.9,1.03,2904.0
JUN-2022,Papa Yungay,2.7,0.95,1.25,3985.0
JUL-2022,Papa Yungay,1.7,1.0,1.39,2111.0
AGO-2022,Papa Yungay,2.0,1.2,1.48,5548.0
SEP-2022,Papa Yungay,2.3,1.7,1.94,4232.0
OCT-2022,Papa Yungay,2.5,1.3,1.86,4512.0
NOV-2022,Papa Yungay,2.2,1.4,1.68,6279.0
DIC-2022,Papa Yungay,3.0,1.8,2.3,5202.0
ENE-2023,Papa Yungay,2.5,1.6,2.09,4992.0
FEB-2023,Papa Yungay,1.8,1.1,1.48,7201.0
MAR-2023,Papa Yungay,1.3,0.8,1.06,7039.0
ABR-2023,Papa Yungay,1.1,0.6,0.9,6160.0
MAY-2023,Papa Yungay,0.95,0.65,0.82,2786.0
JUN-2023,Papa Yungay,1.0,0.6,0.77,6004.0
JUL-2023,Papa Yungay,1.5,0.6,0.78,6041.0
AGO-2023,Papa Yungay,0.85,0.6,0.72,4398.0
SEP-2023,Papa Yungay,0.9,0.6,0.79,3864.0
OCT-2023,Papa Yungay,1.1,0.65,0.91,4034.0
NOV-2023,Papa Yungay,1.4,1.0,1.19,4843.0
DIC-2023,Papa Yungay,1.8,1.1,1.36,4863.0
ENE-2024,Papa Yungay,1.5,0.7,1.07,6084.0
FEB-2024,Papa Yungay,1.1,0.7,0.84,3535.0
MAR-2024,Papa Yungay,1.2,0.8,0.97,3896.0
ABR-2024,Papa Yungay,1.1,0.65,0.92,3274.0
MAY-2024,Papa Yungay,1.1,0.8,0.98,2509.0
JUN-2024,Papa Yungay,1.4,0.85,1.1,4149.0
JUL-2024,Papa Yungay,1.8,1.2,1.39,3249.0
AGO-2024,Papa Yungay,2.3,1.6,1.97,4366.0
SEP-2024,Papa Yungay,2.5,1.9,2.13,5528.0
OCT-2024,Papa Yungay,2.5,1.3,1.94,7659.0
NOV-2024,Papa Yungay,1.8,1.1,1.47,4363.0
DIC-2024,Papa Yungay,1.2,0.8,0.98,4738.0
